sku,name,category,type,short_description,description,specs,brand,pack_size,image,featured,keywords
MOOSE,Air Compressor,Operatory Equipment,Air Compressor,Dental air compressor.,"AMW air compressor supplying clean, dry air for dental operatories.",,AMW,Each,MOOSE.jpg,,"air compressor, dental compressor, operatory air"
M3,Mobilio M3,Operatory Equipment,Mobile Cart,Mobile operatory cart.,"Mobilio M3 mobile cart for convenient operatory setup: lightweight with smooth-rolling wheels, multiple compartments and durable, easy-clean metal construction.",Multi-compartment | metal construction | mobile,AMW,Each,M3.jpg,,"mobile cart, operatory cart, dental workstation, Mobilio M3"
X6,Mobilio X6,Operatory Equipment,Mobile Cart,Mobile operatory cart.,"Mobilio X6 mobile cart for portable operatory setups, with multiple compartments and durable, easy-clean construction.",Multi-compartment | mobile,AMW,Each,X6.jpg,,"mobile cart, operatory cart, dental workstation, Mobilio X6"
4376,Reliance Alternative Arm-Mounted Automatic Control Unit,Operatory Equipment,Arm-Mounted Delivery,Arm-mounted automatic control unit (3 HP).,Reliance alternative arm-mounted automatic control unit with automatic control for up to three handpieces; smooth lines for easy cleaning.,Automatic | arm-mounted | up to 3 HP,DCI,Each,4376.jpg,,"delivery system, arm mounted, automatic control unit, Reliance, 4376"
4128,Reliance Alternative Arm-Mounted Manual Control Unit,Operatory Equipment,Arm-Mounted Delivery,Arm-mounted manual control unit.,Reliance alternative arm-mounted manual control unit for handpiece and syringe delivery on an articulating arm.,Manual | arm-mounted,DCI,Each,4128.jpg,,"delivery system, arm mounted, manual control unit, Reliance, 4128"
4521L,Reliance Cabinet-Mounted Manual Delivery System,Operatory Equipment,Cabinet-Mounted Delivery,Cabinet-mounted manual delivery system.,"Reliance manual dental delivery system configured for cabinet mounting, providing handpiece and syringe delivery from the cabinet.",Manual | cabinet-mounted,DCI,Each,4521L.jpg,,"delivery system, cabinet mounted, manual delivery, Reliance, 4521L"
RO4152,Reliance Chair-Mounted Delivery System,Operatory Equipment,Chair-Mounted Delivery,Chair-mounted delivery system.,Reliance chair-mounted delivery system that adds handpiece and syringe delivery to new or existing chairs.,Chair-mounted,DCI,Each,RO4152.jpg,,"delivery system, chair mounted, Reliance, RO4152"
R4227,Reliance Chair-Mounted Delivery Unit,Operatory Equipment,Chair-Mounted Delivery,Chair-mounted delivery unit.,Reliance chair-mounted delivery unit for over-the-patient handpiece and syringe delivery.,Chair-mounted,DCI,Each,R4227.jpg,,"delivery system, chair mounted, over the patient, Reliance, R4227"
4102,DCI II Manual Control Unit for 2 HP (1 Wet & 1 Dry),Operatory Equipment,Compact Delivery Unit,"Compact manual control head, 2 HP (1 wet/1 dry).","DCI II compact manual control unit supporting two handpieces (one wet, one dry) plus syringe; a space-saving delivery head for retrofits.","Manual | 2 HP (1 wet, 1 dry)",DCI,Each,4102.jpg,,"compact delivery unit, control head, manual unit, 2 HP, DCI II, 4102"
4502,DCI III Manual Control Unit for 2 HP (1 Wet & 1 Dry),Operatory Equipment,Compact Delivery Unit,"Compact manual control head, 2 HP (1 wet/1 dry).","DCI III compact manual control unit supporting two handpieces (one wet, one dry) plus syringe; updated compact delivery head.","Manual | 2 HP (1 wet, 1 dry)",DCI,Each,4502.jpg,,"compact delivery unit, control head, manual unit, 2 HP, DCI III, 4502"
R4511,Reliance Automatic Control Cart for 3 HP,Operatory Equipment,Delivery Cart,"Mobile automatic delivery cart, up to 3 handpieces.","Reliance Series 4 automatic-control mobile delivery cart supporting up to three handpieces (3 HP), with automatic handpiece control, syringe and integrated vacuum.",Automatic control | up to 3 HP,DCI,Each,R4511.jpg,,"delivery cart, automatic cart, mobile cart, 3 HP, Reliance cart, R4511"
R4540,Reliance Automatic Control Cart for 3 HP w/Premium Vacuum,Operatory Equipment,Delivery Cart,"Automatic delivery cart, 3 HP, premium vacuum.",Reliance Series 4 automatic-control mobile delivery cart for up to three handpieces (3 HP) with the premium vacuum package.,Automatic control | up to 3 HP | premium vacuum,DCI,Each,R4540.jpg,,"delivery cart, automatic cart, premium vacuum, 3 HP, Reliance cart, R4540"
4542,Reliance Automatic Control Cart for 3 HP w/Standard Vacuum,Operatory Equipment,Delivery Cart,"Automatic delivery cart, 3 HP, standard vacuum.",Reliance Series 4 automatic-control mobile delivery cart for up to three handpieces (3 HP) with the standard vacuum package.,Automatic control | up to 3 HP | standard vacuum,DCI,Each,4542.jpg,,"delivery cart, automatic cart, standard vacuum, 3 HP, Reliance cart, 4542"
R4245,Reliance Manual Control Cart for 2 HP,Operatory Equipment,Delivery Cart,"Mobile manual delivery cart, up to 2 handpieces.","Reliance Series 4 manual-control mobile delivery cart supporting up to two handpieces (2 HP), with syringe and integrated vacuum; adjustable and easy to reposition in the operatory.",Manual control | up to 2 HP,DCI,Each,R4245.jpg,,"delivery cart, manual cart, mobile cart, 2 HP, Reliance cart, R4245"
R4240,Reliance Manual Control Cart for 2 HP w/Premium Vacuum,Operatory Equipment,Delivery Cart,"Manual delivery cart, 2 HP, premium vacuum.",Reliance Series 4 manual-control mobile delivery cart for up to two handpieces (2 HP) with the premium vacuum package.,Manual control | up to 2 HP | premium vacuum,DCI,Each,R4240.jpg,,"delivery cart, manual cart, premium vacuum, 2 HP, Reliance cart, R4240"
RP4050,"Reliance LED Post Mount Light - Gray, 120V",Operatory Equipment,Operatory Light,"LED post-mount operatory light (gray, 120V).","Reliance LED post-mount operatory light in gray (120V), same platform as the white model: reflective-facet optics, 3rd-axis head rotation and dual touch controls. Mounts to a 2"" pole.","LED | 120V | 17,500-35,000 lux (3 settings) | 5000K | 3""x6"" pattern | mounts to 2"" pole",DCI,Each,RP4050.jpg,,"operatory light, LED dental light, post mount light, gray, Reliance light, RP4050"
RP4000,Reliance LED Post Mount Light - White,Operatory Equipment,Operatory Light,LED post-mount operatory light (white).,"Reliance LED post-mount operatory light with 500+ reflective facets for a uniform pattern, 3rd-axis head rotation and dual touch controls. Mounts to a 2"" pole (not included).","LED 24V 10W | 115V 50/60Hz | 17,500-35,000 lux (3 settings) | 5000K | 3""x6"" pattern | mounts to 2"" pole",DCI,Each,RP4000.jpg,,"operatory light, LED dental light, post mount light, Reliance light, RP4000"
RW4000,Reliance Side Delivery Auto Dental Unit - White,Operatory Equipment,Side Delivery Unit,Automatic side-delivery dental unit (white).,"Reliance automatic side-delivery dental unit (white) including a stainless-steel tray (PN 8013), 8-conductor low-voltage cable and a Precision Comfort syringe. Available left- or right-hand; 4-hole straight Sterling tubing standard.",Automatic | left/right-hand | stainless tray | Precision Comfort syringe | 4-hole tubing,DCI,Each,RW4000.jpg,,"side delivery, automatic dental unit, Reliance, RW4000"
SAR051,Reliance Assistant's Stool,Operatory Equipment,Stool,Series 5 assistant's stool (less upholstery).,"Reliance Series 5 assistant's stool with adjustable seat, body support arm and foot ring for chairside assisting. Supplied less upholstery.",Series 5 | less upholstery,DCI,Each,SAR051.jpg,,"dental stool, assistant stool, Reliance stool, operatory seating, SAR051"
SDR051,Reliance Doctor's Stool,Operatory Equipment,Stool,Series 5 doctor's stool (less upholstery).,Reliance Series 5 doctor's/operator stool with adjustable seat height and backrest. Supplied less upholstery.,Series 5 | less upholstery,DCI,Each,SDR051.jpg,,"dental stool, doctor stool, operator stool, Reliance stool, SDR051"
AI-105,Under Cabinet Mounted Assistant Arm,Operatory Equipment,Assistant Arm,Under-cabinet assistant's instrumentation arm.,"Assistant's arm (AI-105) that mounts under the cabinet to hold HVE, saliva ejector and auxiliary instrumentation.",,Flight Dental Systems,,AI-105.jpg,,"assistant arm, HVE, assistant instrumentation, AI-105"
FSASS-600,Deluxe Assistant Stool,Operatory Equipment,Assistant Stool,Deluxe dental assistant stool.,Deluxe assistant stool with body/foot ring support for chairside assisting.,,Flight Dental Systems,,FSASS-600.jpg,,"assistant stool, dental stool, FSASS-600"
CONT-3002,Continental Delivery System,Operatory Equipment,Delivery System,Continental (hanging-hose) delivery system.,Continental-style delivery system with hanging hoses for doctor instrumentation.,,Flight Dental Systems,,CONT-3002.jpg,,"delivery system, continental delivery, CONT-3002, dental delivery"
RD-2102,Rear Panel Mount Delivery System,Operatory Equipment,Delivery System,Rear panel-mount delivery system.,Panel-mounted rear delivery system for rear-of-patient instrument delivery.,,Flight Dental Systems,,RD-2102.jpg,,"rear delivery, panel mount, RD-2102, delivery system"
RD-3100,Rear Under Cabinet Mount Delivery,Operatory Equipment,Delivery System,Rear under-cabinet-mount delivery system.,"Rear delivery unit that mounts under the cabinet for a clean, ergonomic 12 o'clock setup (RD-3100 / RD-3150).",,Flight Dental Systems,,RD-3100.jpg,,"rear delivery, under cabinet mount, RD-3100, RD-3150, delivery system"
FSDOC-600,Deluxe Doctor Stool,Operatory Equipment,Doctor Stool,Deluxe operator/doctor stool.,Deluxe doctor stool with ergonomic support for extended chairside procedures.,,Flight Dental Systems,,FSDOC-600.jpg,,"doctor stool, operator stool, dental stool, FSDOC-600"
PLANAR,"Planar 24"" Medical Monitor - White",Operatory Equipment,Medical Monitor,24-inch white medical-grade monitor.,Planar 24-inch white medical-grade monitor for chairside display of imaging and patient education.,24 in | white,Flight Dental Systems,,PLANAR.jpg,yes,"medical monitor, 24 inch, white monitor, chairside display"
MC-1302F,Mobile Cart MC-1302F,Operatory Equipment,Mobile Cart,Mobile delivery cart.,Mobile delivery cart configuration for portable operatory setups.,,Flight Dental Systems,,MC-1302F.jpg,,"mobile cart, portable delivery, MC-1302F, dental cart"
MC-1300F,Mobile Cart System MC-1300F,Operatory Equipment,Mobile Cart,Self-contained mobile delivery cart.,"Portable mobile delivery cart for flexible, room-to-room dentistry.",,Flight Dental Systems,,MC-1300F.jpg,,"mobile cart, portable delivery, MC-1300F, dental cart"
MC-1300FC,Mobile Cart with Integrated Compressor,Operatory Equipment,Mobile Cart,Mobile delivery cart with built-in compressor.,"Fully portable mobile cart with an integrated air compressor, ideal for satellite operatories and mobile dentistry.",,Flight Dental Systems,,MC-1300FC.jpg,,"mobile cart, integrated compressor, portable dentistry, MC-1300FC"
FLIGHT-TORCH-LED,Flight Torch LED Light,Operatory Equipment,Operatory Light,Flight Torch LED operatory light.,"Flight Torch LED operatory light delivering bright, shadow-reduced illumination of the oral field.",,Flight Dental Systems,,FLIGHT-TORCH-LED.jpg,,"dental light, operatory light, LED light, Flight Torch"
IRIS-LED,IRIS LED Light,Operatory Equipment,Operatory Light,IRIS LED light with adjustable colour temperature.,"Exclusively distributed IRIS LED light: adjustable colour temperature (4,200-6,000 K) and intensity (8,000-35,000 lux), with no UV/IR radiation and ~50,000-hour LED life.","Colour temp 4,200-6,000 K | Intensity 8,000-35,000 lux | No UV/IR | ~50,000 h LED life",Flight Dental Systems,,IRIS-LED.jpg,,"dental light, operatory light, IRIS LED, adjustable colour temperature"
RETROFIT-LED,Retrofit LED Light System,Operatory Equipment,Operatory Light,Retrofit LED upgrade for existing dental lights.,Retrofit LED light system to upgrade older halogen operatory lights to modern LED illumination.,,Flight Dental Systems,,RETROFIT-LED.jpg,,"retrofit LED, dental light upgrade, operatory light"
A12,A12 Operatory System,Operatory Equipment,Operatory Package,"Complete A12 dental operatory package (chair, delivery, light, cuspidor).","Flagship Flight operatory package built around the A12 patient chair with integrated delivery system, LED light and cuspidor. Configurable upholstery, delivery style and light head.",,Flight Dental Systems,,A12.jpg,yes,"operatory package, dental operatory, A12, patient chair package, treatment room"
A6R,A6 Radius Package,Operatory Equipment,Operatory Package,A6 operatory package with radius delivery configuration.,"Affordable, reliable A6 operatory package in the radius delivery configuration; includes A6 chair, delivery system and light.",,Flight Dental Systems,,A6R.jpg,,"operatory package, A6, radius delivery, dental operatory, treatment room"
A6,A6 Standard Package,Operatory Equipment,Operatory Package,"A6 standard operatory package (chair, delivery, light).",Value-focused A6 operatory package pairing the A6 patient chair with a traditional delivery system and light.,,Flight Dental Systems,,A6.jpg,,"operatory package, A6, dental operatory, treatment room, chair package"
A12-C,A12 Patient Chair,Operatory Equipment,Patient Chair,A12 programmable dental patient chair.,"A12 patient chair with programmable positioning and a choice of upholstery styles (asepsis, seamless, sewn pillowtop) and vinyl/ultraleather colours.",,Flight Dental Systems,,A12-C.jpg,,"dental chair, patient chair, A12, treatment chair"
A6-C,A6 Patient Chair,Operatory Equipment,Patient Chair,A6 dental patient chair.,A6 patient chair offering reliable ergonomics and value for general operatory use.,,Flight Dental Systems,,A6-C.jpg,,"dental chair, patient chair, A6, treatment chair"
FSSAD-605,Saddle Stool with Backrest,Operatory Equipment,Saddle Stool,Saddle stool with backrest.,Saddle stool with added lumbar backrest support for ergonomic seating.,,Flight Dental Systems,,FSSAD-605.jpg,,"saddle stool, backrest, ergonomic stool, FSSAD-605"
FSSAD-601,Single Saddle Stool,Operatory Equipment,Saddle Stool,Single saddle operating stool.,"Single saddle stool promoting a healthy, upright posture at chairside.",,Flight Dental Systems,,FSSAD-601.jpg,,"saddle stool, ergonomic stool, dental stool, FSSAD-601"
FS2SAD-603,Split Saddle Stool,Operatory Equipment,Saddle Stool,Split-seat saddle stool.,Split saddle stool with a divided seat design for pressure relief and posture support.,,Flight Dental Systems,,FS2SAD-603.jpg,,"split saddle stool, ergonomic stool, dental stool, FS2SAD-603"
G450,iTesla G450,Handpieces,Electric Handpiece,Electric contra-angle handpiece.,iTesla G450 electric contra-angle handpiece with ceramic bearings and sealed head design.,,AMW,Each,G450.jpg,,"electric handpiece, contra angle, iTesla G450"
G500,iTesla G500,Handpieces,Electric Handpiece,Electric contra-angle handpiece.,iTesla G500 electric contra-angle handpiece for general restorative use.,,AMW,Each,G500.jpg,,"electric handpiece, contra angle, iTesla G500"
G500-S,iTesla G500-S,Handpieces,Electric Handpiece,Electric contra-angle handpiece.,iTesla G500-S electric contra-angle handpiece for restorative procedures.,,AMW,Each,G500-S.jpg,,"electric handpiece, contra angle, iTesla G500-S"
G600,iTesla G600,Handpieces,Electric Handpiece,Electric contra-angle handpiece.,"iTesla G600 electric handpiece (contra-angle) with a modernized internal body and chuck, ceramic bearings, four-hole Quattro spray, sealed head system and GripMax coating.",Ceramic bearings | Quattro spray | sealed head | GripMax coating,AMW,Each,G600.jpg,,"electric handpiece, contra angle, iTesla G600"
GS,iTesla GS,Handpieces,Electric Handpiece,Electric handpiece.,iTesla GS electric handpiece within AMW's iTesla electric handpiece line.,,AMW,Each,GS.jpg,,"electric handpiece, contra angle, iTesla GS"
MCCARE-X,McCare X,Handpieces,Handpiece Maintenance,Automatic handpiece care system (up to 4).,"McCare X automatic maintenance system that cleans, lubricates and purges up to four handpieces before sterilization. Touchscreen control, handpiece-specific oil volumes and a 1.2 L solution tank.",Up to 4 handpieces | touchscreen | 1.2 L tank,AMW,Each,MCCARE-X.jpg,,"handpiece maintenance, cleaning lubrication, McCare, care system"
G100,AirPeak G100,Handpieces,High-Speed Handpiece,Air-driven high-speed handpiece.,AirPeak G100 air-driven high-speed handpiece for general restorative procedures.,Air driven,AMW,Each,G100.jpg,,"high speed handpiece, air driven, AirPeak G100"
G100-S10H7,AirPeak G100-S10H7,Handpieces,High-Speed Handpiece,Air-driven high-speed handpiece (variant).,AirPeak G100-S10H7 air-driven high-speed handpiece configuration.,Air driven,AMW,Each,G100-S10H7.jpg,,"high speed handpiece, air driven, AirPeak G100"
G200,AirPeak G200,Handpieces,High-Speed Handpiece,Air-driven high-speed handpiece.,AirPeak G200 air-driven high-speed handpiece for everyday restorative work.,Air driven,AMW,Each,G200.jpg,,"high speed handpiece, air driven, AirPeak G200"
MT,AirPeak MT,Handpieces,High-Speed Handpiece,Air-driven high-speed handpiece.,AirPeak MT air-driven high-speed handpiece within the AirPeak line.,Air driven,AMW,Each,MT.jpg,,"high speed handpiece, air driven, AirPeak MT"
PRO200,AirPeak PRO200,Handpieces,High-Speed Handpiece,Air-driven high-speed handpiece.,AirPeak PRO200 air-driven high-speed handpiece for restorative and general procedures.,Air driven,AMW,Each,PRO200.jpg,,"high speed handpiece, air driven, AirPeak PRO200"
PRO500,AirPeak PRO500,Handpieces,High-Speed Handpiece,Air-driven high-speed handpiece.,AirPeak PRO500 air-driven high-speed handpiece for restorative and general procedures.,Air driven,AMW,Each,PRO500.jpg,,"high speed handpiece, air driven, AirPeak PRO500"
X100-S,AirPeak X100-S,Handpieces,High-Speed Handpiece,Air-driven high-speed handpiece.,"AirPeak X100-S air-driven high-speed handpiece delivering quiet, reliable performance for everyday restorative work.",Air driven,AMW,Each,X100-S.jpg,,"high speed handpiece, air driven, AirPeak X100"
X600-MICRO,AirPeak X600-Micro,Handpieces,High-Speed Handpiece,Miniature-head high-speed handpiece.,AirPeak X600-Micro high-speed handpiece with a smaller head for improved access and pediatric/posterior use.,Miniature head,AMW,Each,X600-MICRO.jpg,,"high speed handpiece, mini head, pediatric, AirPeak X600 Micro"
X600-S,AirPeak X600-S,Handpieces,High-Speed Handpiece,"Titanium high-speed handpiece, 27 W torque.","AirPeak X600-S air-driven high-speed handpiece with a pure-titanium body, 27 W torque, four-nozzle Quattro spray, advanced optics and 360° quick-connect (KaVo/NSK back-ends).",27 W torque | titanium | Quattro spray | KaVo/NSK back-ends | 360° swivel,AMW,Each,X600-S.jpg,,"high speed handpiece, titanium handpiece, air driven, AirPeak X600"
C200,AirLED C200,Handpieces,High-Speed Handpiece (LED),LED high-speed handpiece.,AirLED C200 high-speed handpiece with integrated LED illumination.,Integrated LED,AMW,Each,C200.jpg,,"high speed handpiece, LED handpiece, AirLED C200"
X500-S,AirLED X500-S,Handpieces,High-Speed Handpiece (LED),Self-generating LED high-speed handpiece.,"AirLED X500-S high-speed handpiece with a built-in micro-generator powering an integrated Direct-LED+ light (no external fibre optic), four water ports, ceramic bearings and a titanium-treated stainless-steel body.",Integrated micro-generator LED | Quattro spray | ceramic bearings | stainless/titanium body,AMW,Each,X500-S.jpg,,"high speed handpiece, LED handpiece, self generating light, AirLED"
X600-45,AirPeak X600-45,Handpieces,Surgical Handpiece,45-degree surgical high-speed handpiece.,"AirPeak X600-45 45-degree surgical high-speed handpiece for oral surgery, with the X600 platform's titanium build and cooling.",45 degree head | air driven,AMW,Each,X600-45.jpg,,"surgical handpiece, 45 degree, air driven, AirPeak X600-45"
AP-G200,AirPeak™ G200 Automatic IPR Contra-Angle,Handpieces,Auto-IPR Handpiece,Automatic interproximal reduction contra-angle handpiece.,"The AirPeak™ G200 automates interproximal reduction by driving SureFita® IPR strips in a controlled reciprocating motion, delivering consistent, safe enamel reduction for orthodontic and restorative cases.",Contra-angle auto-IPR handpiece; reciprocating drive; pairs with SureFita® IPR strips,AirPeak,1/pk,AP-G200.jpg,,"auto ipr handpiece, interproximal reduction handpiece, ipr contra angle, airpeak g200, orthodontic ipr"
AP-PRO200,AirPeak™ PRO200,Handpieces,Handpiece System,AirPeak™ PRO200 handpiece system.,The AirPeak™ PRO200 is part of Markson's professional air-driven handpiece range. See the Markson brochure for full specification and configuration options.,Air-driven handpiece system; full spec per Markson brochure,AirPeak,1 unit,AP-PRO200.jpg,,"airpeak pro200, dental handpiece system, air driven handpiece"
AP-PRO500,AirPeak™ PRO500,Handpieces,Handpiece System,AirPeak™ PRO500 handpiece system.,The AirPeak™ PRO500 is part of Markson's professional air-driven handpiece range. See the Markson brochure for full specification and configuration options.,Air-driven handpiece system; full spec per Markson brochure,AirPeak,1 unit,AP-PRO500.jpg,,"airpeak pro500, dental handpiece system, air driven handpiece"
AP-X100,AirPeak™ X100 High-Speed Handpiece,Handpieces,High-Speed Handpiece,Compact push-button high-speed handpiece with auto-chuck.,"The AirPeak™ X100 is a high-speed push-button handpiece reaching 350,000 RPM with an auto-chuck for quick, secure bur changes.","Air-driven high-speed; up to 350,000 RPM; push-button auto-chuck",AirPeak,1/pk,AP-X100.jpg,,"high speed handpiece, push button handpiece, auto chuck handpiece, airpeak x100, dental turbine"
AP-X600,AirPeak™ X600 High-Speed Handpiece (KaVo-Style),Handpieces,High-Speed Handpiece,KaVo-style air-driven high-speed handpiece with titanium body.,The AirPeak™ X600 is a KaVo-style high-speed handpiece with a titanium body and GripMax coating that reduces slippage and hand fatigue during long procedures.,Air-driven high-speed; KaVo-style connection; titanium body; GripMax coating; push-button chuck,AirPeak,1/pk,AP-X600.jpg,,"high speed handpiece, kavo style handpiece, dental turbine, airpeak x600, titanium handpiece"
AP-X600S,AirPeak™ X600-S High-Speed Handpiece (NSK-Style),Handpieces,High-Speed Handpiece,"NSK-style titanium high-speed handpiece delivering 27 W at 400,000 RPM.","The AirPeak™ X600-S is an NSK-style titanium high-speed handpiece delivering 27 W of power at up to 400,000 RPM for fast, efficient cutting.","Air-driven high-speed; NSK-style connection; titanium; 27 W; up to 400,000 RPM; push-button",AirPeak,1/pk,AP-X600S.jpg,,"high speed handpiece, nsk style handpiece, dental turbine, 400000 rpm, airpeak x600s, titanium handpiece"
AP-G100FG,AirPeak™ G100-FG Low-Speed Handpiece,Handpieces,Low-Speed Handpiece,"1:1 low-speed handpiece, non-spray / non-optic.","The AirPeak™ G100-FG is a 1:1 low-speed handpiece at 20,000 RPM in a non-spray, non-optic configuration for laboratory and operative tasks.","Air-driven low-speed; 1:1 ratio; 20,000 RPM; non-spray; non-optic",AirPeak,1/pk,AP-G100FG.jpg,,"low speed handpiece, non optic handpiece, 1:1 handpiece, airpeak g100fg, lab handpiece"
AP-G100LA,AirPeak™ G100-LA Low-Speed Handpiece,Handpieces,Low-Speed Handpiece,1:1 low-speed push-button contra-angle handpiece.,"The AirPeak™ G100-LA is a 1:1 low-speed push-button contra-angle handpiece running at 20,000 RPM for finishing, polishing and operative procedures.","Air-driven low-speed; 1:1 ratio; 20,000 RPM; push-button contra-angle",AirPeak,1/pk,AP-G100LA.jpg,,"low speed handpiece, contra angle, 1:1 handpiece, airpeak g100, slow speed handpiece"
AP-X600-45,"AirPeak™ X600-45 Surgical Handpiece (KaVo-Style, 45°)",Handpieces,Surgical Handpiece,45° surgical high-speed handpiece for improved access.,"The AirPeak™ X600-45 surgical push-button handpiece features a 45° angled head that improves access and visibility for surgical extractions and the removal of impacted teeth, venting exhaust away from the surgical site.",Air-driven surgical high-speed; KaVo-style; 45° angled head; push-button chuck,AirPeak,1/pk,AP-X600-45.jpg,,"surgical handpiece, 45 degree handpiece, oral surgery handpiece, airpeak x600-45, impacted tooth handpiece"
AM0004,MK Dent Air Motor,Handpieces,Air Motor,MK Dent E-type air motor.,MK Dent air motor (AM0004) for driving E-type slow-speed attachments.,,Flight Dental Systems,,AM0004.jpg,,"air motor, MK Dent, E-type, slow speed, AM0004"
F-411CA,Slow Speed Air Motor (E-Type),Handpieces,Air Motor,Flight E-type slow-speed air motor.,Flight E-type slow-speed air motor for driving contra angle and nose cone attachments.,,Flight Dental Systems,,F-411CA.jpg,,"air motor, slow speed, E-type, Flight"
LE11,1:1 Blue Ring Contra Angle,Handpieces,Contra Angle,1:1 blue-ring contra angle (Classic Line).,MK Dent 1:1 blue-ring contra angle handpiece for standard slow-speed applications.,Ratio 1:1,Flight Dental Systems,,LE11.jpg,,"contra angle, 1:1, blue ring, MK Dent, LE11"
LE15L,1:5 Red Ring Contra Angle,Handpieces,Contra Angle,1:5 red-ring speed-increasing contra angle with light.,MK Dent ECO Line 1:5 red-ring speed-increasing contra angle with optic for high-precision restorative work.,Ratio 1:5 | Optic/light,Flight Dental Systems,,LE15L.jpg,,"contra angle, 1:5, red ring, speed increasing, MK Dent, LE15L"
F-416BM,One Piece Contra Angles (E-Type),Handpieces,Contra Angle,Flight E-type one-piece slow-speed contra angle.,Flight E-type one-piece contra angle for slow-speed procedures.,,Flight Dental Systems,,F-416BM.jpg,,"contra angle, one piece, E-type, slow speed"
MKDK,MK Dent Kavo Style Quick Coupler,Handpieces,Coupler,MK Dent KaVo-style quick coupler.,MK Dent quick coupler with KaVo-style connection for compatible high-speed handpieces.,,Flight Dental Systems,,MKDK.jpg,,"quick coupler, KaVo style, MK Dent, handpiece coupler"
EM-9001,Flight Electric Motor System,Handpieces,Electric Motor System,Brushless electric micromotor system.,Flight electric motor system providing consistent torque and speed for electric handpiece attachments.,,Flight Dental Systems,,EM-9001.jpg,,"electric motor, micromotor, electric handpiece, brushless"
MKECO,MK Dent ECO Line High Speed Handpiece,Handpieces,High-Speed Handpiece,MK Dent ECO Line high-speed handpiece (Germany).,"German-made MK Dent ECO Line high-speed handpiece, sold exclusively through Flight Dental Systems.",,Flight Dental Systems,,MKECO.jpg,,"high speed handpiece, MK Dent, ECO Line, German handpiece"
MKLUBE,MK Dent Premium Synthetic Handpiece Lubricant,Handpieces,Maintenance,Premium synthetic handpiece lubricant.,MK Dent premium synthetic lubricant for routine handpiece maintenance.,,Flight Dental Systems,,MKLUBE.jpg,,"handpiece lubricant, synthetic oil, MK Dent, maintenance"
FLMAIN,Automatic Handpiece Maintenance System,Handpieces,Maintenance System,Automatic handpiece cleaning and lubrication system.,Automatic maintenance system that cleans and lubricates handpieces to extend their service life.,,Flight Dental Systems,,FLMAIN.jpg,,"handpiece maintenance, automatic lubrication, cleaning, care system"
F-415BZ,Straight Nose Cone (E-Type),Handpieces,Nose Cone,Flight E-type straight nose cone.,Flight E-type straight nose cone attachment for slow-speed straight handpieces.,,Flight Dental Systems,,F-415BZ.jpg,,"nose cone, straight, E-type, slow speed"
F-160,45 Degree Surgical Handpiece,Handpieces,Surgical Handpiece,45-degree surgical high-speed handpiece (Bold Series).,Flight Bold Series 45-degree surgical handpiece (F-160) designed for oral surgery with rear exhaust.,45 degree head,Flight Dental Systems,,F-160.jpg,,"surgical handpiece, 45 degree, Bold Series, F-160"
WHICAM3W,Whicam Story 3 Intraoral Camera - Wired,Imaging,Intraoral Camera,Wired intraoral camera.,Whicam Story 3 wired intraoral camera for chairside patient imaging.,Wired,Flight Dental Systems,,WHICAM3W.jpg,,"intraoral camera, wired camera, Whicam Story 3, dental imaging"
WHICAM3,Whicam Story 3 Wireless Intraoral Camera,Imaging,Intraoral Camera,Wireless intraoral camera.,Whicam Story 3 wireless intraoral camera for chairside patient imaging and education.,Wireless,Flight Dental Systems,,WHICAM3.jpg,,"intraoral camera, wireless camera, Whicam Story 3, dental imaging"
IVIEW,iView Camera and Light,Imaging,Intraoral Camera + Light,Combined intraoral camera and light head.,iView combined intraoral camera and light unit that integrates imaging into the operatory light.,,Flight Dental Systems,,IVIEW.jpg,,"intraoral camera, camera and light, iView, dental imaging"
X-VISION,X-Vision Handheld Portable X-Ray,Imaging,Portable X-Ray,Health Canada-licensed handheld portable dental X-ray.,"X-Vision handheld portable X-ray unit, Health Canada licensed, for point-of-care intraoral radiography.",Handheld | Health Canada licensed,Flight Dental Systems,,X-VISION.jpg,,"handheld x-ray, portable x-ray, dental imaging, X-Vision"
XPROCEPH,I-Max 3D XPRO Ceph,Imaging,3D CBCT + Cephalometric X-ray,I-Max 3D XPRO with CBCT and cephalometric imaging.,"Owandy I-Max 3D XPRO Ceph all-in-one system combining 2D panoramic, 3D CBCT and cephalometric imaging in a single unit for comprehensive diagnostics and orthodontic planning.",,Owandy,,XPROCEPH.jpg,,"CBCT ceph, 3D imaging, cephalometric, Owandy I-Max 3D XPRO, cone beam"
XPRO,I-Max 3D XPRO,Imaging,3D CBCT / Panoramic,I-Max 3D XPRO panoramic and CBCT imaging system.,"Owandy I-Max 3D XPRO combined 2D panoramic and 3D cone-beam CT (CBCT) system, delivering both panoramic radiographs and volumetric 3D imaging for implant, endodontic and surgical planning.",,Owandy,,XPRO.jpg,,"CBCT, 3D dental x-ray, cone beam, Owandy I-Max 3D XPRO, panoramic"
CAMHD,OwandyCam HD,Imaging,Intraoral Camera,OwandyCam HD intraoral camera.,"Owandy OwandyCam HD intraoral camera delivering high-definition chairside images for diagnosis and patient education, with an ergonomic handpiece for easy intraoral positioning.",,Owandy,,CAMHD.jpg,,"intraoral camera, HD dental camera, OwandyCam, patient education, imaging"
IOS,"Owandy IOS Intraoral Scanner, Wired Version",Imaging,Intraoral Scanner,"Owandy IOS intraoral scanner, wired.","Owandy IOS intraoral scanner (wired) capturing fast, accurate digital impressions for restorative and orthodontic workflows, with open-format output for lab and CAD/CAM use.",,Owandy,,IOS.jpg,,"intraoral scanner, digital impression, Owandy IOS, wired scanner, CAD/CAM"
IOSW,"Owandy IOS Intraoral Scanner, Wireless Version",Imaging,Intraoral Scanner,"Owandy IOS intraoral scanner, wireless.","Owandy IOS intraoral scanner (wireless) for cord-free digital impression taking, delivering accurate open-format scans with greater chairside freedom of movement.",,Owandy,,IOSW.jpg,,"wireless intraoral scanner, digital impression, Owandy IOS, cordless scanner, CAD/CAM"
OPETO1,Owandy OPTEO Intraoral Sensor #1,Imaging,Intraoral Sensor,"Owandy OPTEO intraoral sensor, size 1.","Owandy OPTEO digital intraoral sensor (size 1) with a high-resolution active surface and rounded, patient-comfortable corners for sharp periapical and bitewing images.",,Owandy,,OPETO1.jpg,,"intraoral sensor, digital sensor size 1, OPTEO, Owandy, periapical"
OPETO15,Owandy OPTEO Intraoral Sensor #1.5,Imaging,Intraoral Sensor,"Owandy OPTEO intraoral sensor, size 1.5.","Owandy OPTEO digital intraoral sensor (size 1.5) balancing coverage and comfort, with a high-resolution active surface for sharp periapical and bitewing images.",,Owandy,,OPETO15.jpg,,"intraoral sensor, digital sensor size 1.5, OPTEO, Owandy, periapical"
OPETO2,Owandy OPTEO Intraoral Sensor #2,Imaging,Intraoral Sensor,"Owandy OPTEO intraoral sensor, size 2.","Owandy OPTEO digital intraoral sensor (size 2, the common adult size) with a high-resolution active surface and rounded corners for sharp periapical and bitewing images.",,Owandy,,OPETO2.jpg,,"intraoral sensor, digital sensor size 2, OPTEO, Owandy, adult sensor"
DCXRAY,Owandy-DC Intraoral X-ray,Imaging,Intraoral X-ray,Owandy-DC intraoral X-ray generator.,"Owandy-DC intraoral X-ray generator for standard periapical and bitewing radiography, offering stable arm positioning and consistent exposures for everyday intraoral imaging.",,Owandy,,DCXRAY.jpg,,"intraoral x-ray, dental x-ray generator, Owandy-DC, periapical, bitewing"
RXXRAY,Owandy-RX PRO Intraoral X-ray,Imaging,Intraoral X-ray,Owandy-RX PRO high-frequency intraoral X-ray.,"Owandy-RX PRO high-frequency intraoral X-ray generator with a lightweight, stable arm for precise sensor alignment and reproducible periapical and bitewing images.",,Owandy,,RXXRAY.jpg,,"intraoral x-ray, RX PRO, high frequency, Owandy, periapical"
PROCEPH,I-Max PRO Ceph,Imaging,Panoramic + Cephalometric X-ray,I-Max PRO panoramic system with cephalometric arm.,"Owandy I-Max PRO Ceph digital panoramic system with an integrated cephalometric arm, adding orthodontic ceph tracings alongside standard panoramic imaging.",,Owandy,,PROCEPH.jpg,,"cephalometric x-ray, panoramic ceph, ortho imaging, Owandy I-Max, OPG"
PRO,I-Max PRO,Imaging,Panoramic X-ray,I-Max PRO digital panoramic X-ray system.,"Owandy I-Max PRO digital panoramic imaging system producing clear 2D panoramic radiographs for general diagnostics, with a compact footprint and a straightforward, patient-friendly workflow.",,Owandy,,PRO.jpg,,"panoramic x-ray, digital panoramic, Owandy I-Max PRO, dental imaging, OPG"
RXPORT,Owandy-Rx Portable,Imaging,Portable X-ray,Owandy-Rx handheld portable intraoral X-ray.,"Owandy-Rx portable handheld intraoral X-ray unit for point-of-care and mobile radiography, with lightweight ergonomics and integrated shielding for operator safety.",,Owandy,,RXPORT.jpg,,"portable x-ray, handheld dental x-ray, Owandy-Rx, mobile imaging, intraoral"
ISU-CAM,iSuni™ Intraoral Camera,Imaging,Intraoral Camera,Intraoral camera for chairside imaging and patient education.,"The iSuni™ intraoral camera captures crisp intraoral images for diagnosis, documentation and patient communication.",Intraoral camera; USB connection; chairside capture (see brochure for sensor/resolution),iSuni,1 unit,ISU-CAM.jpg,,"intraoral camera, dental camera, patient education camera, isuni camera"
ISU-SCAN-W,iSuni™ Intraoral Scanner — Wired,Imaging,Intraoral Scanner,Open-system wired intraoral scanner.,"The wired iSuni™ intraoral scanner delivers the same open-system flexibility (STL/PLY/OBJ export) in a tethered configuration for stable, high-throughput scanning.",Open system; exports STL / PLY / OBJ; wired/USB; edentulous & denture scanning,iSuni,1 unit,ISU-SCAN-W.jpg,,"intraoral scanner, wired scanner, digital impression, open system scanner, isuni"
ISU-SCAN-WL,iSuni™ Intraoral Scanner — Wireless,Imaging,Intraoral Scanner,Open-system wireless intraoral scanner.,"The iSuni™ wireless intraoral scanner uses an open system that lets you use scan data across any workflow supporting STL, PLY or OBJ. Scan edentulous arches or denture intaglios, capture hard-to-scan areas via impression scanning and merge with intraoral data, and combine scanning and imaging in a single device.",Open system; exports STL / PLY / OBJ; wireless; edentulous & denture scanning; impression-merge workflow,iSuni,1 unit,ISU-SCAN-WL.jpg,,"intraoral scanner, wireless scanner, digital impression, open system scanner, stl scanner, isuni"
ISU-SENS,iSuni™ Intraoral Sensor,Imaging,X-Ray Sensor,Digital intraoral X-ray sensor.,"The iSuni™ digital intraoral X-ray sensor produces sharp radiographs with a comfortable, durable design for routine diagnostic imaging.",Digital intraoral X-ray sensor; sizes per brochure; USB,iSuni,1 unit,ISU-SENS.jpg,,"intraoral sensor, digital xray sensor, dental radiography sensor, isuni sensor"
X-CURE,X-Cure Curing Light,Curing Lights,Curing Light,LED curing light.,X-Cure LED curing light for polymerising light-cured dental materials.,LED,Flight Dental Systems,,X-CURE.jpg,,"curing light, LED curing, X-Cure"
XLITE2-NEO,Xlite 2 NEO Curing Light,Curing Lights,Curing Light,Fast LED curing light (5-second cure).,Xlite 2 NEO LED curing light with fast ~5-second curing cycles.,~5 second cure | LED,Flight Dental Systems,,XLITE2-NEO.jpg,,"curing light, LED curing, fast cure, Xlite 2 NEO"
ML-STD,ModuLite® LED Curing Light,Curing Lights,LED Curing Light,Cordless modular LED curing light with polymerisation and detection modes.,"The original ModuLite® delivers an average irradiance of ~1800 mW/cm² from four collimated LEDs for uniform power distribution. One-button operation, a 10 mm curing tip, two quick-connect batteries (~200 cures per charge) and a charging base with built-in radiometer keep it ready all day.",~1800 mW/cm² avg irradiance; 4 collimated LEDs; one-button; 10 mm tip; 2 quick-connect batteries (~200 cures/charge); charging base w/ radiometer,ModuLite X,1 unit,ML-STD.jpg,,"led curing light, cordless curing light, curing light radiometer, polymerization light, modulite"
ML-X,ModuLite®X LED Curing Light,Curing Lights,LED Curing Light,Cordless multi-wavelength LED curing light with built-in caries detection.,"ModuLite®X features four custom multi-wavelength collimated LEDs emitting high-intensity light across 380–520 nm to polymerise all light-cured dental materials and penetrate porcelain to cure underlying resin cements. A DETECT mode highlights caries-infected dentin (porphyrin appears red, healthy tissue green) with included diagnostic glasses. CNC-milled aerospace aluminium body with a 360° rotatable head and auto-sleep.",4 collimated multi-wavelength LEDs; 380–520 nm; cordless / battery; 10 mm collimated lens; 360° rotatable head; Cure + DETECT (caries) modes; aerospace-aluminium CNC body; auto-sleep,ModuLite X,1 unit,ML-X.jpg,,"led curing light, curing light, caries detection light, cordless curing light, multi wavelength curing, modulite"
SG-3E,SureGuide® LED Curing Light Guide — SG-3E (fits 3M Elipar S10),Curing Lights,Curing Light Guide,Replacement/upgrade LED curing light guide compatible with 3M Elipar S10.,"A precision optical light guide engineered to deliver consistent, collimated output for reliable polymerisation. Designed as a direct-fit replacement or upgrade for the 3M Elipar S10 curing light.",Optical curing light guide; direct fit for 3M Elipar S10; autoclavable; 1 per pack,SureGuide,1/pk,SG-3E.jpg,,"curing light guide, 3m elipar s10 light guide, replacement light guide, sg-3e, fiber optic guide"
SG-3ED,SureGuide® LED Curing Light Guide — SG-3ED (fits 3M Elipar DeepCure),Curing Lights,Curing Light Guide,Replacement/upgrade LED curing light guide compatible with 3M Elipar DeepCure.,"A precision optical light guide engineered to deliver consistent, collimated output for reliable polymerisation. Designed as a direct-fit replacement or upgrade for the 3M Elipar DeepCure curing light.",Optical curing light guide; direct fit for 3M Elipar DeepCure; autoclavable; 1 per pack,SureGuide,1/pk,SG-3ED.jpg,,"curing light guide, 3m elipar deepcure light guide, replacement light guide, sg-3ed, fiber optic guide"
SG-AC,SureGuide® LED Curing Light Guide — SG-AC (fits Acteon Mini LED),Curing Lights,Curing Light Guide,Replacement/upgrade LED curing light guide compatible with Acteon Mini LED.,"A precision optical light guide engineered to deliver consistent, collimated output for reliable polymerisation. Designed as a direct-fit replacement or upgrade for the Acteon Mini LED curing light.",Optical curing light guide; direct fit for Acteon Mini LED; autoclavable; 1 per pack,SureGuide,1/pk,SG-AC.jpg,,"curing light guide, acteon mini led light guide, replacement light guide, sg-ac, fiber optic guide"
SG-AD2,SureGuide® LED Curing Light Guide — SG-AD2 (fits AdDent Microlux 2),Curing Lights,Curing Light Guide,Replacement/upgrade LED curing light guide compatible with AdDent Microlux 2.,"A precision optical light guide engineered to deliver consistent, collimated output for reliable polymerisation. Designed as a direct-fit replacement or upgrade for the AdDent Microlux 2 curing light.",Optical curing light guide; direct fit for AdDent Microlux 2; autoclavable; 1 per pack,SureGuide,1/pk,SG-AD2.jpg,,"curing light guide, addent microlux 2 light guide, replacement light guide, sg-ad2, fiber optic guide"
SG-BE,SureGuide® LED Curing Light Guide — SG-BE (fits Beyes Slimax-C),Curing Lights,Curing Light Guide,Replacement/upgrade LED curing light guide compatible with Beyes Slimax-C.,"A precision optical light guide engineered to deliver consistent, collimated output for reliable polymerisation. Designed as a direct-fit replacement or upgrade for the Beyes Slimax-C curing light.",Optical curing light guide; direct fit for Beyes Slimax-C; autoclavable; 1 per pack,SureGuide,1/pk,SG-BE.jpg,,"curing light guide, beyes slimax-c light guide, replacement light guide, sg-be, fiber optic guide"
SG-KE,SureGuide® LED Curing Light Guide — SG-KE (fits Kerr Demetron (curved turbo)),Curing Lights,Curing Light Guide,Replacement/upgrade LED curing light guide compatible with Kerr Demetron (curved turbo).,"A precision optical light guide engineered to deliver consistent, collimated output for reliable polymerisation. Designed as a direct-fit replacement or upgrade for the Kerr Demetron (curved turbo) curing light.",Optical curing light guide; direct fit for Kerr Demetron (curved turbo); autoclavable; 1 per pack,SureGuide,1/pk,SG-KE.jpg,,"curing light guide, kerr demetron (curved turbo) light guide, replacement light guide, sg-ke, fiber optic guide"
SG-SP,SureGuide® LED Curing Light Guide — SG-SP (fits Dentsply Spectrum),Curing Lights,Curing Light Guide,Replacement/upgrade LED curing light guide compatible with Dentsply Spectrum.,"A precision optical light guide engineered to deliver consistent, collimated output for reliable polymerisation. Designed as a direct-fit replacement or upgrade for the Dentsply Spectrum curing light.",Optical curing light guide; direct fit for Dentsply Spectrum; autoclavable; 1 per pack,SureGuide,1/pk,SG-SP.jpg,,"curing light guide, dentsply spectrum light guide, replacement light guide, sg-sp, fiber optic guide"
SG-WP,SureGuide® LED Curing Light Guide — SG-WP (fits Woodpecker LED-B),Curing Lights,Curing Light Guide,Replacement/upgrade LED curing light guide compatible with Woodpecker LED-B.,"A precision optical light guide engineered to deliver consistent, collimated output for reliable polymerisation. Designed as a direct-fit replacement or upgrade for the Woodpecker LED-B curing light.",Optical curing light guide; direct fit for Woodpecker LED-B; autoclavable; 1 per pack,SureGuide,1/pk,SG-WP.jpg,,"curing light guide, woodpecker led-b light guide, replacement light guide, sg-wp, fiber optic guide"
T8,STRONIC T8,Scalers,Air Scaler,Air scaler handpiece (T8).,"STRONIC T8 air scaler handpiece, part of the STRONIC air scaler system; can be paired with a Mobilio cart.",,AMW,Each,T8.jpg,,"air scaler, ultrasonic scaler, STRONIC T8"
T8-MINI,STRONIC T8 Mini,Scalers,Air Scaler,Compact air scaler handpiece.,STRONIC T8 Mini compact air scaler handpiece for the STRONIC air scaler system.,Compact,AMW,Each,T8-MINI.jpg,,"air scaler, ultrasonic scaler, mini, STRONIC T8 Mini"
X150,STRONIC X150,Scalers,Air Scaler,Air scaler handpiece.,STRONIC X150 air scaler with oscillating tip movement for prophylaxis and periodontal scaling.,Oscillating | multiple power settings,AMW,Each,X150.jpg,,"air scaler, ultrasonic scaler, STRONIC X150"
X300,STRONIC X300,Scalers,Air Scaler,"Air scaler with 3 power settings, 50+ tips.","STRONIC X300 air scaler with oscillating tip movement and three adjustable power settings for prophylaxis, perio, endo, prep and fissure sealing. Over 50 compatible tips; MaxGrip metal-ceramic coating; sterilizable to 135°C.",3 power settings | 50+ tips | MaxGrip coating | sterilizable to 135°C,AMW,Each,X300.jpg,,"air scaler, ultrasonic scaler, STRONIC X300, prophylaxis"
STRONICA,STRONIC Activator,Scalers,Scaler Accessory,Activation accessory for STRONIC system.,STRONIC Activator accessory for the STRONIC air scaler system.,,AMW,Each,STRONICA.jpg,,"air scaler accessory, activator, STRONIC"
STRONICH,STRONIC Heat,Scalers,Scaler Accessory,Heat accessory for STRONIC system.,STRONIC Heat unit within the STRONIC air scaler system.,,AMW,Each,STRONICH.jpg,,"air scaler accessory, STRONIC Heat"
STRONICST,STRONIC Surgery Tips,Scalers,Scaler Tips,Surgical tips for STRONIC air scaler.,STRONIC surgery tips for use with the STRONIC air scaler in surgical and specialised procedures.,,AMW,,STRONICST.jpg,,"scaler tips, surgical tips, air scaler, STRONIC"
STRONICT,STRONIC Tips,Scalers,Scaler Tips,Tips for STRONIC air scaler.,"STRONIC scaler tips covering prophylaxis, periodontics, endodontics and restorative indications for the STRONIC air scaler.",50+ compatible tips,AMW,,STRONICT.jpg,,"scaler tips, air scaler tips, STRONIC"
30KINSERT,Scaler Inserts 30K,Scalers,Scaler Insert,30K magnetostrictive scaler inserts.,30K magnetostrictive scaler inserts compatible with standard magnetostrictive scaling units.,30K,Flight Dental Systems,,30KINSERT.jpg,,"scaler inserts, 30K, magnetostrictive, ultrasonic tips"
FMS-2530,Flight Tabletop Ultrasonic Scaler,Scalers,Ultrasonic Scaler,Standalone tabletop ultrasonic scaler.,Flight tabletop ultrasonic scaler for prophylaxis and periodontal scaling.,,Flight Dental Systems,,FMS-2530.jpg,,"ultrasonic scaler, tabletop scaler, prophylaxis, scaling"
BI-2530,Flight Built-in Magnetostrictive Scaler,Scalers,Ultrasonic Scaler (Built-in),Built-in magnetostrictive ultrasonic scaler.,Built-in magnetostrictive ultrasonic scaler module for integration into delivery systems.,Magnetostrictive | built-in,Flight Dental Systems,,BI-2530.jpg,,"ultrasonic scaler, magnetostrictive, built-in scaler"
N6LED-1902,Flight Built-in Piezo Scaler,Scalers,Ultrasonic Scaler (Built-in),Built-in piezo ultrasonic scaler.,Built-in piezoelectric ultrasonic scaler module for integration into delivery systems.,Piezo | built-in,Flight Dental Systems,,N6LED-1902.jpg,,"ultrasonic scaler, piezo, built-in scaler"
ART-G8-KIT,Artica® G8 Anterior Matrix System — Intro Kit,Restorative,Anterior Matrix Kit,"Complete anterior matrix system for Class III, IV & V composite restorations.",The Artica® G8 anterior matrix system simultaneously restores proximal and cervical margins even with a rubber dam or retraction cord in place. Its anatomically contoured matrices adapt precisely to the unique shape of anterior teeth and preview the final restoration shape before you begin.,"Includes 2 x 2 mL Flowdam® syringes, 12 mini & 12 standard matrices, placement wings; ultra-thin 0.035 mm stainless steel; indications: Class III/IV/V and shape adjustments",Artica,1 kit,ART-G8-KIT.jpg,,"artica g8, anterior matrix, composite matrix, class iv matrix, dental matrix system, anterior restoration"
ART-SI-5PC,Artica® Si Composite Sculpture Instruments Kit,Restorative,Composite Instrument Kit,Five-piece color-coded composite layering and sculpting instrument kit.,"Artica® Si instruments are a collection of state-of-the-art tools for aesthetic restorations, designed specifically for composite layering. Each instrument is color-coded and named by its principal function to streamline efficient, predictable placement.",5 instruments per kit; color-coded by function; stainless steel; for composite layering & sculpting,Artica,5 pcs/kit,ART-SI-5PC.jpg,,"composite instruments, layering instruments, composite sculpting kit, artica si, restorative instruments"
ART-G8-MIN12,Artica® G8 Anterior Matrices Refill — Mini,Restorative,Matrix Refill,Mini ultra-thin anterior matrices refill for tight contact areas.,"Ultra-thin 0.035 mm stainless steel mini matrices for tight contact surfaces, giving better cervical adaptation on mandibular incisors and laterals. Placement wings ease positioning.",Ultra-thin 0.035 mm stainless steel; mini size; for mandibular incisors/laterals & maxillary laterals,Artica,12/pk,ART-G8-MIN12.jpg,,"artica g8 mini, anterior matrix bands, mini matrices, mandibular matrix refill"
ART-G8-STD12,Artica® G8 Anterior Matrices Refill — Standard,Restorative,Matrix Refill,Standard ultra-thin anterior matrices refill for the Artica® G8 system.,Ultra-thin 0.035 mm stainless steel matrices contoured for anatomically correct anterior restorations. Placement wings ease positioning. Indicated for maxillary central and lateral incisors and canines.,"Ultra-thin 0.035 mm stainless steel; standard size; placement wings; for maxillary centrals, laterals & canines",Artica,12/pk,ART-G8-STD12.jpg,,"artica g8 refill, anterior matrix bands, standard matrices, composite matrix refill"
ART-G6-VT32,Artica® G6 Direct Composite Veneer Template — Kit,Restorative,Veneer Template Kit,"Direct composite veneer template kit for efficient, aesthetic anterior veneers.","The Artica® G6 kit provides the tools to achieve flawlessly finished direct composite veneers on upper and lower teeth. Templates make procedures efficient, economical and minimally invasive. Compatible with Ultradent Uveneer workflows.",32 templates covering upper & lower anteriors; reusable; direct composite veneer technique,Artica,32 templates,ART-G6-VT32.jpg,,"direct composite veneer, veneer template, uveneer compatible, anterior aesthetics, composite veneer kit"
M1034,1/2 Artica™ Composite Sculpture Instruments,Restorative,Composite Instrument,"Artica composite sculpting instrument, 1/2, double-ended.",Artica double-ended composite sculpture instrument (size 1/2) with a non-stick anodized working surface for placing and contouring direct composite restorations.,Green,Markson,,M1034.jpg,,"composite instrument, composite sculpting, Artica, 1/2, restorative instrument"
M1035,3/4 Artica™ Composite Sculpture Instruments,Restorative,Composite Instrument,"Artica composite sculpting instrument, 3/4, double-ended.",Artica double-ended composite sculpture instrument (size 3/4) with a non-stick anodized working surface for placing and contouring direct composite restorations.,Yellow,Markson,,M1035.jpg,,"composite instrument, composite sculpting, Artica, 3/4, restorative instrument"
M1036,5/6 Artica™ Composite Sculpture Instruments,Restorative,Composite Instrument,"Artica composite sculpting instrument, 5/6, double-ended.",Artica double-ended composite sculpture instrument (size 5/6) with a non-stick anodized working surface for placing and contouring direct composite restorations.,Red,Markson,,M1036.jpg,,"composite instrument, composite sculpting, Artica, 5/6, restorative instrument"
M1037,7/8 Artica™ Composite Sculpture Instruments,Restorative,Composite Instrument,"Artica composite sculpting instrument, 7/8, double-ended.",Artica double-ended composite sculpture instrument (size 7/8) with a non-stick anodized working surface for placing and contouring direct composite restorations.,Blue,Markson,,M1037.jpg,,"composite instrument, composite sculpting, Artica, 7/8, restorative instrument"
M1038,9/10 Artica™ Composite Sculpture Instruments,Restorative,Composite Instrument,"Artica composite sculpting instrument, 9/10, double-ended.",Artica double-ended composite sculpture instrument (size 9/10) with a non-stick anodized working surface for placing and contouring direct composite restorations.,Grey,Markson,,M1038.jpg,,"composite instrument, composite sculpting, Artica, 9/10, restorative instrument"
M1039,"Artica™ Composite Sculpture Instruments Kit, w/ Cassette",Restorative,Composite Instrument,Artica composite sculpture instrument kit with cassette.,Artica composite sculpture instrument kit containing the full set of double-ended sculpting instruments in an autoclavable cassette for organised sterilisation and storage.,Kit with Cassette,Markson,,M1039.jpg,,"composite instrument kit, Artica, cassette, composite sculpting, restorative"
M1023,"SureTact™ Classic Tofflemire Matrix Band, No.1 Adult Universal, .0015” (144)",Restorative,Matrix Band,"Tofflemire matrix bands, No.1 adult universal, .0015"" (box of 144).","SureTact Classic Tofflemire matrix bands in the No.1 adult universal contour, 0.0015"" stainless steel. Used with a Tofflemire-style retainer to build a matrix for Class II amalgam and composite restorations. Box of 144.",,Markson,,M1023.jpg,,"tofflemire matrix band, matrix band, no.1 universal, SureTact, restorative matrix"
M1025,"SureTact™ Classic Tofflemire Matrix Band, No.13 Paedo Universal, .0015” (144)",Restorative,Matrix Band,"Tofflemire matrix bands, No.13 paedo universal, .0015"" (box of 144).","SureTact Classic Tofflemire matrix bands, No.13 paediatric universal contour, 0.0015"" stainless steel, sized for primary teeth. Box of 144.",,Markson,,M1025.jpg,,"tofflemire matrix band, paedo matrix, no.13, pediatric, SureTact"
M1024,"SureTact™ Classic Tofflemire Matrix Band, No.2 MOD Wide, .0015” (144)",Restorative,Matrix Band,"Tofflemire matrix bands, No.2 MOD wide, .0015"" (box of 144).","SureTact Classic Tofflemire matrix bands, No.2 MOD wide contour, 0.0015"" stainless steel, for wider MOD preparations. Box of 144.",,Markson,,M1024.jpg,,"tofflemire matrix band, MOD matrix, no.2 wide, SureTact, restorative matrix"
M1027,"SureTact™ TMR-CA Classic Matrix Retainer, Universal, SS, Contra Angle (1)",Restorative,Matrix Retainer,"Tofflemire matrix retainer, universal, stainless steel, contra-angle.",SureTact TMR-CA stainless steel Tofflemire matrix retainer with a contra-angle design for improved access to posterior teeth. Sold individually.,,Markson,,M1027.jpg,,"matrix retainer, contra angle retainer, TMR-CA, tofflemire, SureTact"
M1026,"SureTact™ TMR-S Classic Matrix Retainer, Universal, SS, Standard (1)",Restorative,Matrix Retainer,"Tofflemire matrix retainer, universal, stainless steel, standard.",SureTact TMR-S stainless steel Tofflemire matrix retainer in the universal standard configuration. Holds and tensions Tofflemire matrix bands for Class II restorations. Sold individually.,,Markson,,M1026.jpg,,"matrix retainer, tofflemire retainer, TMR-S, universal, SureTact"
M1049,"Artica™ G8 Anterior Matrices Refill, Mini (12)",Restorative,Matrix System,"Artica G8 anterior matrices refill, mini (12).","Artica G8 anterior matrix refill in the mini size, pack of 12, for anatomical anterior composite restorations.","maxillary and mandibular laterals, mandibular central incisors, conoid teeth, triangular teeth, peg laterals, teeth with narrow cervical diameter",Markson,,M1049.jpg,,"anterior matrix refill, Artica G8, mini matrix, composite, restorative"
M1050,"Artica™ G8 Anterior Matrices Refill, Standard (12)",Restorative,Matrix System,"Artica G8 anterior matrices refill, standard (12).","Artica G8 anterior matrix refill in the standard size, pack of 12, for anatomical anterior composite restorations.","maxillary central incisors, maxillary lateral incisors, canine teeth",Markson,,M1050.jpg,,"anterior matrix refill, Artica G8, standard matrix, composite, restorative"
M1048,Artica™ G8 Anterior Matrix System Intro Kit,Restorative,Matrix System,Artica G8 anterior matrix system intro kit.,Artica G8 anterior matrix system introductory kit for creating natural anatomical contours in anterior composite restorations; includes anterior matrices and the components needed to get started.,Matrix System Intro Kit,Markson,,M1048.jpg,,"anterior matrix, Artica G8, composite matrix, restorative, intro kit"
M1029,"SureTact™ Classic Wood Wedges Refills, Extra Small, White (100)",Restorative,Matrix Wedge,"Anatomical wood wedges, extra small (white), box of 100.","SureTact Classic anatomically shaped wood wedges, extra small (white). Adapt matrix bands interproximally and protect the gingiva during restorative procedures. Box of 100.",,Markson,,M1029.jpg,,"wood wedges, dental wedges, extra small, interproximal, SureTact"
M1032,"SureTact™ Classic Wood Wedges Refills, Large, Yellow (100)",Restorative,Matrix Wedge,"Anatomical wood wedges, large (yellow), box of 100.","SureTact Classic anatomically shaped wood wedges, large (yellow). Adapt matrix bands interproximally and protect the gingiva during restorative procedures. Box of 100.",,Markson,,M1032.jpg,,"wood wedges, dental wedges, large yellow, interproximal, SureTact"
M1031,"SureTact™ Classic Wood Wedges Refills, Medium, Pink (100)",Restorative,Matrix Wedge,"Anatomical wood wedges, medium (pink), box of 100.","SureTact Classic anatomically shaped wood wedges, medium (pink). Adapt matrix bands interproximally and protect the gingiva during restorative procedures. Box of 100.",,Markson,,M1031.jpg,,"wood wedges, dental wedges, medium pink, interproximal, SureTact"
M1030,"SureTact™ Classic Wood Wedges Refills, Small, Green (100)",Restorative,Matrix Wedge,"Anatomical wood wedges, small (green), box of 100.","SureTact Classic anatomically shaped wood wedges, small (green). Adapt matrix bands interproximally and protect the gingiva during restorative procedures. Box of 100.",,Markson,,M1030.jpg,,"wood wedges, dental wedges, small green, interproximal, SureTact"
SC-CARB-FG,SureCut® Carbide Burs (FG),Restorative,Carbide Burs,Tungsten carbide friction-grip burs.,"SureCut® carbide burs are engineered for both rough machining and precision finishing, delivering consistent performance across a wide range of materials. Available in the full range of standard shapes and shanks.",Tungsten carbide; friction-grip (FG) shank; full shape range — enumerate shape numbers from Markson price list,SureCut Burs,per box,SC-CARB-FG.jpg,,"carbide burs, fg burs, tungsten carbide, dental burs, finishing burs, surecut"
SC-DIA-FG,SureCut® Diamond Burs (FG),Restorative,Diamond Burs,Diamond-coated friction-grip burs.,"SureCut® diamond burs offer clean, efficient cutting and reduction across enamel, ceramics and composite. Available in the full range of shapes and grits (coarse / medium / fine).",Diamond-coated; friction-grip (FG) shank; grits coarse/medium/fine; full shape range — enumerate from Markson price list,SureCut Burs,per box,SC-DIA-FG.jpg,,"diamond burs, fg diamond, dental burs, reduction burs, ceramic burs, surecut"
SF-040,"SureFita® IRP Strip — Coarse (0.40 mm, Green)",Restorative,IPR Strips,"Double-sided diamond interproximal reduction strip, Coarse (0.40 mm).",SureFita® IRP strips are designed for controlled interproximal reduction (IPR) in orthodontic and restorative workflows. Two-sided diamond coating with a colour-coded grit for quick chairside identification. Compatible with the AirPeak® G200 automatic IPR handpiece.,2-sided diamond-coated strip; Coarse grit; 0.40 mm thickness; colour Green; 10 per pack; manual or AirPeak G200 use,SureFita,10/pk,SF-040.jpg,,"ipr strips, interproximal reduction, coarse strip, diamond strip, orthodontic ipr, surefita"
SF-050,"SureFita® IRP Strip — Extra Coarse (0.50 mm, Pink)",Restorative,IPR Strips,"Double-sided diamond interproximal reduction strip, Extra Coarse (0.50 mm).",SureFita® IRP strips are designed for controlled interproximal reduction (IPR) in orthodontic and restorative workflows. Two-sided diamond coating with a colour-coded grit for quick chairside identification. Compatible with the AirPeak® G200 automatic IPR handpiece.,2-sided diamond-coated strip; Extra Coarse grit; 0.50 mm thickness; colour Pink; 10 per pack; manual or AirPeak G200 use,SureFita,10/pk,SF-050.jpg,,"ipr strips, interproximal reduction, extra coarse strip, diamond strip, orthodontic ipr, surefita"
SF-020,"SureFita® IRP Strip — Fine (0.20 mm, Red)",Restorative,IPR Strips,"Double-sided diamond interproximal reduction strip, Fine (0.20 mm).",SureFita® IRP strips are designed for controlled interproximal reduction (IPR) in orthodontic and restorative workflows. Two-sided diamond coating with a colour-coded grit for quick chairside identification. Compatible with the AirPeak® G200 automatic IPR handpiece.,2-sided diamond-coated strip; Fine grit; 0.20 mm thickness; colour Red; 10 per pack; manual or AirPeak G200 use,SureFita,10/pk,SF-020.jpg,,"ipr strips, interproximal reduction, fine strip, diamond strip, orthodontic ipr, surefita"
SF-030,"SureFita® IRP Strip — Medium (0.30 mm, Blue)",Restorative,IPR Strips,"Double-sided diamond interproximal reduction strip, Medium (0.30 mm).",SureFita® IRP strips are designed for controlled interproximal reduction (IPR) in orthodontic and restorative workflows. Two-sided diamond coating with a colour-coded grit for quick chairside identification. Compatible with the AirPeak® G200 automatic IPR handpiece.,2-sided diamond-coated strip; Medium grit; 0.30 mm thickness; colour Blue; 10 per pack; manual or AirPeak G200 use,SureFita,10/pk,SF-030.jpg,,"ipr strips, interproximal reduction, medium strip, diamond strip, orthodontic ipr, surefita"
SP-MAN3,SurePoli® RA Mandrel Refill,Restorative,Mandrel,Right-angle (RA) snap-on mandrel refill for SurePoli® discs.,"The RA snap-on mandrel mounts SurePoli® discs to a slow-speed contra-angle. Great for finishing composite, glass ionomers, amalgams and semi-precious restorations.",RA (right-angle / latch-type) mandrel; snap-on disc mount; 3 per pack,SurePoli,3/pk,SP-MAN3.jpg,,"ra mandrel, polishing mandrel, disc mandrel, mandrel refill, surepoli mandrel"
SP-KIT,SurePoli® Assorted Polishing Disc Intro Kit,Restorative,Polishing Discs,Assorted finishing & polishing disc introductory kit.,"A complete introduction to the SurePoli® system with an assortment of grits for contouring, finishing and polishing composite restorations to a natural, high-shine surface that matches surrounding dentition.",Assorted disc kit; ~30 discs per grit; snap-on RA mandrel system,SurePoli,Assorted kit,SP-KIT.jpg,,"polishing discs, finishing discs, composite polishing kit, surepoli, restoration finishing"
SP-D127-C,"SurePoli® Polishing Disc Refills — Coarse, 1/2"" (12.7 mm)",Restorative,Polishing Discs,"Coarse snap-on finishing & polishing discs, 1/2"" (12.7 mm).","Coarse-grit snap-on discs for the SurePoli® system — part of a four-step sequence from gross reduction through to high-shine polishing of composite, glass ionomer and other restoratives.","Snap-on discs; Coarse grit; 1/2"" (12.7 mm) diameter; RA mandrel mount; 85 per pack",SurePoli,85/pk,SP-D127-C.jpg,,"polishing discs, coarse discs, finishing discs, 1/2"" (12.7 mm) discs, composite polishing"
SP-D95-C,"SurePoli® Polishing Disc Refills — Coarse, 3/8"" (9.5 mm)",Restorative,Polishing Discs,"Coarse snap-on finishing & polishing discs, 3/8"" (9.5 mm).","Coarse-grit snap-on discs for the SurePoli® system — part of a four-step sequence from gross reduction through to high-shine polishing of composite, glass ionomer and other restoratives.","Snap-on discs; Coarse grit; 3/8"" (9.5 mm) diameter; RA mandrel mount; 85 per pack",SurePoli,85/pk,SP-D95-C.jpg,,"polishing discs, coarse discs, finishing discs, 3/8"" (9.5 mm) discs, composite polishing"
SP-D127-F,"SurePoli® Polishing Disc Refills — Fine, 1/2"" (12.7 mm)",Restorative,Polishing Discs,"Fine snap-on finishing & polishing discs, 1/2"" (12.7 mm).","Fine-grit snap-on discs for the SurePoli® system — part of a four-step sequence from gross reduction through to high-shine polishing of composite, glass ionomer and other restoratives.","Snap-on discs; Fine grit; 1/2"" (12.7 mm) diameter; RA mandrel mount; 85 per pack",SurePoli,85/pk,SP-D127-F.jpg,,"polishing discs, fine discs, finishing discs, 1/2"" (12.7 mm) discs, composite polishing"
SP-D95-F,"SurePoli® Polishing Disc Refills — Fine, 3/8"" (9.5 mm)",Restorative,Polishing Discs,"Fine snap-on finishing & polishing discs, 3/8"" (9.5 mm).","Fine-grit snap-on discs for the SurePoli® system — part of a four-step sequence from gross reduction through to high-shine polishing of composite, glass ionomer and other restoratives.","Snap-on discs; Fine grit; 3/8"" (9.5 mm) diameter; RA mandrel mount; 85 per pack",SurePoli,85/pk,SP-D95-F.jpg,,"polishing discs, fine discs, finishing discs, 3/8"" (9.5 mm) discs, composite polishing"
SP-D127-M,"SurePoli® Polishing Disc Refills — Medium, 1/2"" (12.7 mm)",Restorative,Polishing Discs,"Medium snap-on finishing & polishing discs, 1/2"" (12.7 mm).","Medium-grit snap-on discs for the SurePoli® system — part of a four-step sequence from gross reduction through to high-shine polishing of composite, glass ionomer and other restoratives.","Snap-on discs; Medium grit; 1/2"" (12.7 mm) diameter; RA mandrel mount; 85 per pack",SurePoli,85/pk,SP-D127-M.jpg,,"polishing discs, medium discs, finishing discs, 1/2"" (12.7 mm) discs, composite polishing"
SP-D95-M,"SurePoli® Polishing Disc Refills — Medium, 3/8"" (9.5 mm)",Restorative,Polishing Discs,"Medium snap-on finishing & polishing discs, 3/8"" (9.5 mm).","Medium-grit snap-on discs for the SurePoli® system — part of a four-step sequence from gross reduction through to high-shine polishing of composite, glass ionomer and other restoratives.","Snap-on discs; Medium grit; 3/8"" (9.5 mm) diameter; RA mandrel mount; 85 per pack",SurePoli,85/pk,SP-D95-M.jpg,,"polishing discs, medium discs, finishing discs, 3/8"" (9.5 mm) discs, composite polishing"
SP-D127-SF,"SurePoli® Polishing Disc Refills — Super Fine, 1/2"" (12.7 mm)",Restorative,Polishing Discs,"Super Fine snap-on finishing & polishing discs, 1/2"" (12.7 mm).","Super Fine-grit snap-on discs for the SurePoli® system — part of a four-step sequence from gross reduction through to high-shine polishing of composite, glass ionomer and other restoratives.","Snap-on discs; Super Fine grit; 1/2"" (12.7 mm) diameter; RA mandrel mount; 85 per pack",SurePoli,85/pk,SP-D127-SF.jpg,,"polishing discs, super fine discs, finishing discs, 1/2"" (12.7 mm) discs, composite polishing"
SP-D95-SF,"SurePoli® Polishing Disc Refills — Super Fine, 3/8"" (9.5 mm)",Restorative,Polishing Discs,"Super Fine snap-on finishing & polishing discs, 3/8"" (9.5 mm).","Super Fine-grit snap-on discs for the SurePoli® system — part of a four-step sequence from gross reduction through to high-shine polishing of composite, glass ionomer and other restoratives.","Snap-on discs; Super Fine grit; 3/8"" (9.5 mm) diameter; RA mandrel mount; 85 per pack",SurePoli,85/pk,SP-D95-SF.jpg,,"polishing discs, super fine discs, finishing discs, 3/8"" (9.5 mm) discs, composite polishing"
STC-BND100,SureTact® Classic Matrix Bands,Restorative,Matrix Bands,Tofflemire-style matrix bands for the Classic retainer.,Contoured Tofflemire-style stainless steel matrix bands for use with the SureTact® Classic retainer in Class II restorations.,Stainless steel Tofflemire bands; assorted gauges (confirm sizes on Markson price list),SureTact,refill pk,STC-BND100.jpg,,"tofflemire bands, matrix bands, class ii bands, stainless steel matrix"
STG3-B35,SureTact® G3 MirrorCoat™ Matrix Bands Refill — 3.5 mm,Restorative,Matrix Refill,"Ultra-thin MirrorCoat™ contoured sectional matrix bands, 3.5 mm.","MirrorCoat™ surface finishing makes matrix removal easier and reduces light reflection for better visibility. Greater curvature gives anatomical precision with less interference during ring placement, and the Smart-Loop™ aids precise insertion and removal.",Ultra-thin 0.035 mm; MirrorCoat™ coated; Smart-Loop™; size 3.5 mm; Palodent/Triodent compatible,SureTact,100/pk,STG3-B35.jpg,,"sectional matrix bands, mirrorcoat matrix, 3.5 mm matrix, contoured matrix refill, g3 bands"
STG3-B45,SureTact® G3 MirrorCoat™ Matrix Bands Refill — 4.5 mm,Restorative,Matrix Refill,"Ultra-thin MirrorCoat™ contoured sectional matrix bands, 4.5 mm.","MirrorCoat™ surface finishing makes matrix removal easier and reduces light reflection for better visibility. Greater curvature gives anatomical precision with less interference during ring placement, and the Smart-Loop™ aids precise insertion and removal.",Ultra-thin 0.035 mm; MirrorCoat™ coated; Smart-Loop™; size 4.5 mm; Palodent/Triodent compatible,SureTact,100/pk,STG3-B45.jpg,,"sectional matrix bands, mirrorcoat matrix, 4.5 mm matrix, contoured matrix refill, g3 bands"
STG3-B55,SureTact® G3 MirrorCoat™ Matrix Bands Refill — 5.5 mm,Restorative,Matrix Refill,"Ultra-thin MirrorCoat™ contoured sectional matrix bands, 5.5 mm.","MirrorCoat™ surface finishing makes matrix removal easier and reduces light reflection for better visibility. Greater curvature gives anatomical precision with less interference during ring placement, and the Smart-Loop™ aids precise insertion and removal.",Ultra-thin 0.035 mm; MirrorCoat™ coated; Smart-Loop™; size 5.5 mm; Palodent/Triodent compatible,SureTact,100/pk,STG3-B55.jpg,,"sectional matrix bands, mirrorcoat matrix, 5.5 mm matrix, contoured matrix refill, g3 bands"
STG3-B65,SureTact® G3 MirrorCoat™ Matrix Bands Refill — 6.5 mm,Restorative,Matrix Refill,"Ultra-thin MirrorCoat™ contoured sectional matrix bands, 6.5 mm.","MirrorCoat™ surface finishing makes matrix removal easier and reduces light reflection for better visibility. Greater curvature gives anatomical precision with less interference during ring placement, and the Smart-Loop™ aids precise insertion and removal.",Ultra-thin 0.035 mm; MirrorCoat™ coated; Smart-Loop™; size 6.5 mm; Palodent/Triodent compatible,SureTact,100/pk,STG3-B65.jpg,,"sectional matrix bands, mirrorcoat matrix, 6.5 mm matrix, contoured matrix refill, g3 bands"
STC-RET,SureTact® Classic Tofflemire-Style Matrix Retainer,Restorative,Matrix Retainer,Classic Tofflemire-style matrix band retainer.,A dependable Tofflemire-style retainer that securely holds matrix bands during Class II amalgam and composite restorations.,Single-piece Tofflemire-style retainer; stainless steel; autoclavable,SureTact,1 pc,STC-RET.jpg,,"tofflemire retainer, matrix retainer, matrix band holder, class ii matrix"
STG3-RING2,SureTact® G3 Sectional Matrix Universal Ring Refill — Blue,Restorative,Matrix Ring,"Universal Nickel-Titanium sectional matrix ring, blue.","A single universal Nickel-Titanium ring design with ELAMAX technology delivers excellent, consistent holding force across premolar and molar restorations — simplifying operation with one ring for all.",Nickel-titanium with ELAMAX tech; universal (one-ring-for-all); blue; 2 per pack,SureTact,2/pk,STG3-RING2.jpg,,"sectional matrix ring, niti ring, universal matrix ring, g3 ring, class ii ring"
STG3-KIT,SureTact® G3 Sectional Matrix System — Full Kit,Restorative,Sectional Matrix Kit,Complete sectional matrix system for predictable Class II restorations.,"The SureTact® G3 sectional matrix system pairs Nickel-Titanium rings, anatomically contoured MirrorCoat™ bands and adaptable self-guiding wedges to deliver dependable, tight contacts that mimic natural tooth anatomy — even with extensive cavities or absent cusps.","100 matrices (25 each 3.5/4.5/5.5/6.5 mm), 75 wedges (25 each S/M/L), 2 universal NiTi rings, 1 forceps, 1 pin tweezers",SureTact,1 kit,STG3-KIT.jpg,,"sectional matrix system, g3 matrix, class ii matrix, nickel titanium ring, palodent alternative, contoured matrix"
STG3-KITA,SureTact® G3 Sectional Matrix System — Intro Kit (A),Restorative,Sectional Matrix Kit,Introductory sectional matrix kit including placement forceps.,"A starter configuration of the SureTact® G3 sectional matrix system that includes the ring-placement forceps, ideal for practices new to the system.","Includes matrices, wedges, universal ring(s) and placement forceps",SureTact,1 kit,STG3-KITA.jpg,,"g3 intro kit, sectional matrix starter, matrix system with forceps"
STG3-KITB,SureTact® G3 Sectional Matrix System — Intro Kit (B),Restorative,Sectional Matrix Kit,Introductory sectional matrix kit without forceps.,A starter configuration of the SureTact® G3 sectional matrix system for practices that already own compatible placement forceps.,"Includes matrices, wedges and universal ring(s); no forceps",SureTact,1 kit,STG3-KITB.jpg,,"g3 intro kit, sectional matrix starter, matrix system no forceps"
STC-WDG100,SureTact® Classic Wood Wedges,Restorative,Wedges,Anatomically shaped wooden interdental wedges.,"Wooden interdental wedges that stabilise matrix bands and improve gingival adaptation for tight, well-sealed proximal contacts.",Wooden; assorted sizes; 100 per pack,SureTact,100/pk,STC-WDG100.jpg,,"wooden wedges, interdental wedges, dental wedges, matrix wedges"
STG3-WL,SureTact® G3 Contoured Wedge Refills — Large,Restorative,Wedges,"Self-guiding contoured sectional wedges, Large.",Wave-shaped wings compress on entry and flare upon exit for easy placement and a true fit and seal at the gingival margin.,Contoured self-guiding wedges; Large; 100 per pack,SureTact,100/pk,STG3-WL.jpg,,"sectional wedges, contoured wedges, large wedge, g3 wedges, interdental wedges"
STG3-WM,SureTact® G3 Contoured Wedge Refills — Medium,Restorative,Wedges,"Self-guiding contoured sectional wedges, Medium.",Wave-shaped wings compress on entry and flare upon exit for easy placement and a true fit and seal at the gingival margin.,Contoured self-guiding wedges; Medium; 100 per pack,SureTact,100/pk,STG3-WM.jpg,,"sectional wedges, contoured wedges, medium wedge, g3 wedges, interdental wedges"
STG3-WS,SureTact® G3 Contoured Wedge Refills — Small,Restorative,Wedges,"Self-guiding contoured sectional wedges, Small.",Wave-shaped wings compress on entry and flare upon exit for easy placement and a true fit and seal at the gingival margin.,Contoured self-guiding wedges; Small; 100 per pack,SureTact,100/pk,STG3-WS.jpg,,"sectional wedges, contoured wedges, small wedge, g3 wedges, interdental wedges"
GS-ENDO,iTesla GS Endo,Endodontics,Electric Endo Handpiece,Electric endodontic handpiece.,iTesla GS Endo electric handpiece configured for endodontic canal preparation.,Endodontic,AMW,Each,GS-ENDO.jpg,,"endo handpiece, electric endo, iTesla GS Endo, endodontics"
G500-R6,iTesla G500-R6:1,Endodontics,Endo Reduction Contra-Angle,6:1 reduction endo contra-angle.,iTesla G500-R 6:1 reduction contra-angle for endodontic file systems requiring speed reduction.,6:1 reduction,AMW,Each,G500-R6.jpg,,"endo contra angle, 6:1 reduction, endodontics, iTesla G500-R6"
NU-LG,NuOne™ Reciprocating Endo File — Large,Endodontics,Reciprocating Files,"Single-file NiTi reciprocating endodontic file, Large.","NuOne™ reciprocating files are refined with advanced design elements developed with leading endodontists to enhance patient safety while shortening shaping time. Heat-treated NiTi minimises instrument fatigue for safer, more consistent results — performance comparable to WaveOne Gold.",NiTi reciprocating single-file; Large (45/.05 indicative — confirm tip/taper on Markson spec); lengths 21/25/31 mm; single-use,NuOne,per pk,NU-LG.jpg,,"reciprocating file, niti endo file, large file, single file endo, waveone gold alternative, nuone"
NU-MD,NuOne™ Reciprocating Endo File — Medium,Endodontics,Reciprocating Files,"Single-file NiTi reciprocating endodontic file, Medium.","NuOne™ reciprocating files are refined with advanced design elements developed with leading endodontists to enhance patient safety while shortening shaping time. Heat-treated NiTi minimises instrument fatigue for safer, more consistent results — performance comparable to WaveOne Gold.",NiTi reciprocating single-file; Medium (35/.06 indicative — confirm tip/taper on Markson spec); lengths 21/25/31 mm; single-use,NuOne,per pk,NU-MD.jpg,,"reciprocating file, niti endo file, medium file, single file endo, waveone gold alternative, nuone"
NU-PR,NuOne™ Reciprocating Endo File — Primary,Endodontics,Reciprocating Files,"Single-file NiTi reciprocating endodontic file, Primary.","NuOne™ reciprocating files are refined with advanced design elements developed with leading endodontists to enhance patient safety while shortening shaping time. Heat-treated NiTi minimises instrument fatigue for safer, more consistent results — performance comparable to WaveOne Gold.",NiTi reciprocating single-file; Primary (25/.07 indicative — confirm tip/taper on Markson spec); lengths 21/25/31 mm; single-use,NuOne,per pk,NU-PR.jpg,,"reciprocating file, niti endo file, primary file, single file endo, waveone gold alternative, nuone"
NU-SM,NuOne™ Reciprocating Endo File — Small,Endodontics,Reciprocating Files,"Single-file NiTi reciprocating endodontic file, Small.","NuOne™ reciprocating files are refined with advanced design elements developed with leading endodontists to enhance patient safety while shortening shaping time. Heat-treated NiTi minimises instrument fatigue for safer, more consistent results — performance comparable to WaveOne Gold.",NiTi reciprocating single-file; Small (20/.07 indicative — confirm tip/taper on Markson spec); lengths 21/25/31 mm; single-use,NuOne,per pk,NU-SM.jpg,,"reciprocating file, niti endo file, small file, single file endo, waveone gold alternative, nuone"
ENBIO-PRO,Enbio Pro,Sterilization,Autoclave (Class B),Higher-capacity Class B autoclave (from 9 min).,"Enbio Pro Class B medical autoclave with a double-size chamber and increased capacity for busy practices, with fast cycles from 9 minutes.",Class B (EN 13060) | 134°C | cycle from 9 min | double-size chamber | Swiss design,Enbio,Each,ENBIO-PRO.jpg,,"autoclave, class B, higher capacity, Enbio Pro, steam sterilizer"
ENBIO-S,Enbio S,Sterilization,Autoclave (Class B),"Compact, ultra-fast Class B autoclave (from 7 min).","Enbio S small, fast and powerful Class B medical autoclave with sterilization cycles from 7 minutes, triple vacuum and full drying. Compact, lightweight and quiet, with Swiss design and EN 13060 certification.",Class B (EN 13060) | 134°C | cycle from 7 min | ~38 dB | ~15 kg | Swiss design,Enbio,Each,ENBIO-S.jpg,,"autoclave, class B, fast sterilizer, Enbio S, steam sterilizer"
ENBIO-S-BE,Enbio S Beauty Edition,Sterilization,Autoclave (Class B),Class B autoclave styled for beauty/aesthetics.,"Enbio S Beauty Edition Class B medical autoclave combining elegant, compact design with medical-grade safety for aesthetic, beauty and studio settings; cycles from 7 minutes.",Class B (EN 13060) | 134°C | cycle from 7 min | ~38 dB | ~15 kg | Swiss design,Enbio,Each,ENBIO-S-BE.jpg,,"autoclave, class B, beauty edition, Enbio S, sterilizer"
ENBIO-TABLE,Enbio Table,Sterilization,Autoclave Accessory,Table/stand for Enbio autoclaves.,Enbio Table accessory providing a dedicated stand/surface for Enbio autoclaves.,Accessory,Enbio,Each,ENBIO-TABLE.jpg,,"autoclave accessory, stand, table, Enbio"
MAGIC-FILTER,Magic Filter,Sterilization,Water Recycling Filter,Water-recycling filter for Enbio autoclaves.,"Enbio Magic Filter recycles water, allowing up to 1,000 processes or about 6 months on a single litre of distilled water.","Up to 1,000 processes / ~6 months per 1 L distilled water",Enbio,Each,MAGIC-FILTER.jpg,,"water filter, water recycling, autoclave accessory, Magic Filter, Enbio"
CLAVE16,Clave16+ Autoclave,Sterilization,Autoclave,"Class S steam sterilizer, 16 L class chamber.",Flight Clave16+ Class S steam sterilizer with a 16 L class chamber for busy operatories.,Class S | ~16 L chamber class,Flight Dental Systems,,CLAVE16.jpg,,"autoclave, class S, steam sterilizer, Clave16, sterilization"
CLAVE23,Clave23+ Autoclave,Sterilization,Autoclave,"Class S steam sterilizer, 23 L class chamber.",Flight Clave23+ Class S steam sterilizer with a 23 L class chamber for higher throughput.,Class S | ~23 L chamber class,Flight Dental Systems,,CLAVE23.jpg,,"autoclave, class S, steam sterilizer, Clave23, sterilization"
CLAVE28,Clave28+ Autoclave,Sterilization,Autoclave,"Class S steam sterilizer, 28 L class chamber.",Flight Clave28+ Class S steam sterilizer with a 23 L class chamber for higher throughput.,Class S | ~28 L chamber class,Flight Dental Systems,,CLAVE28.jpg,yes,"autoclave, class S, steam sterilizer, Clave28, sterilization"
CLAVE45,Clave45+ Steam Sterilizer,Sterilization,Autoclave,"Class S steam sterilizer, 45 L class chamber.",Flight Clave45+ high-capacity Class S steam sterilizer for high-volume sterilization needs.,Class S | ~45 L chamber class,Flight Dental Systems,,CLAVE45.jpg,,"autoclave, class S, large capacity, Clave45, sterilizer"
CLAVE8,Clave8+ Autoclave,Sterilization,Autoclave,"Class S steam sterilizer, 8 L class chamber.",Flight Clave8+ Class S steam sterilizer with an 8 L class chamber for smaller practices.,Class S | ~8 L chamber class,Flight Dental Systems,,CLAVE8.jpg,,"autoclave, class S, steam sterilizer, Clave8, sterilization"
CLAVE-B,Clave B Autoclave,Sterilization,Autoclave (Class B),Class B steam sterilizer.,Flight Clave B Class B steam sterilizer for instrument sterilization.,Class B | ~8 to 45 L chamber class,Flight Dental Systems,,CLAVE-B.jpg,,"autoclave, class B, steam sterilizer, Clave B, sterilization"
F-CASS10,Sterilization Cassettes 10,Sterilization,Sterilization Cassette,Instrument sterilization cassettes.,Electron Series sterilization cassettes for organising and protecting instruments through the sterilization cycle.,Holds 10 Instruments,Flight Dental Systems,,F-CASS10.jpg,,"sterilization cassette, instrument cassette, Electron Series"
F-CASS15,Sterilization Cassettes 15,Sterilization,Sterilization Cassette,Instrument sterilization cassettes.,Electron Series sterilization cassettes for organising and protecting instruments through the sterilization cycle.,Holds 15 Instruments,Flight Dental Systems,,F-CASS15.jpg,,"sterilization cassette, instrument cassette, Electron Series"
F-CASS20,Sterilization Cassettes 20,Sterilization,Sterilization Cassette,Instrument sterilization cassettes.,Electron Series sterilization cassettes for organising and protecting instruments through the sterilization cycle.,Holds 20 Instruments,Flight Dental Systems,,F-CASS20.jpg,,"sterilization cassette, instrument cassette, Electron Series"
F-CASS5,Sterilization Cassettes 5,Sterilization,Sterilization Cassette,Instrument sterilization cassettes.,Electron Series sterilization cassettes for organising and protecting instruments through the sterilization cycle.,Holds 5 Instruments,Flight Dental Systems,,F-CASS5.jpg,,"sterilization cassette, instrument cassette, Electron Series"
UC-6100,Flight Ultrasonic Cleaner 10L,Sterilization,Ultrasonic Cleaner,"10 L stainless steel cleaning tank
","The stainless steel construction provides durability and resistance to corrosion from cleaning solutions used in dental instrument processing. For dental practices seeking dependable instrument cleaning and improved sterilization workflow efficiency, it is also the best professional ultrasonic instrument cleaner for dental sterilization rooms and clinical instrument decontamination.","40 kHz ultrasonic cleaning frequency
120 W/60 W cleaning power
10 L stainless steel cleaning tank
Quantity: 1 ultrasonic cleaner per box
200 W heating system for solution",Flight Dental Systems,,UC-6100.jpg,,"ultrasonic cleaner, sterilization, dental tools"
UC-6220,Flight Ultrasonic Cleaner 22L,Sterilization,Ultrasonic Cleaner,"22 L stainless steel cleaning tank
","The stainless steel construction provides durability and resistance to corrosion from cleaning solutions used in dental instrument processing. For dental practices seeking dependable instrument cleaning and improved sterilization workflow efficiency, it is also the best professional ultrasonic instrument cleaner for dental sterilization rooms and clinical instrument decontamination.","40 kHz ultrasonic cleaning frequency
120 W/60 W cleaning power
22 L stainless steel cleaning tank
Quantity: 1 ultrasonic cleaner per box
200 W heating system for solution",Flight Dental Systems,,UC-6220.jpg,,"ultrasonic cleaner, sterilization, tools"
UC-6032,Flight Ultrasonic Cleaner 3.2L,Sterilization,Ultrasonic Cleaner,"3.2 L stainless steel cleaning tank
","The stainless steel construction provides durability and resistance to corrosion from cleaning solutions used in dental instrument processing. For dental practices seeking dependable instrument cleaning and improved sterilization workflow efficiency, it is also the best professional ultrasonic instrument cleaner for dental sterilization rooms and clinical instrument decontamination.","40 kHz ultrasonic cleaning frequency
120 W/60 W cleaning power
3.2 L stainless steel cleaning tank
Quantity: 1 ultrasonic cleaner per box
200 W heating system for solution",Flight Dental Systems,,UC-6032.jpg,,"ultrasonic cleaner, sterilization, dental tools"
UC-6065,Flight Ultrasonic Cleaner 6.5L,Sterilization,Ultrasonic Cleaner,6.5 L stainless steel cleaning tank,"The stainless steel construction provides durability and resistance to corrosion from cleaning solutions used in dental instrument processing. For dental practices seeking dependable instrument cleaning and improved sterilization workflow efficiency, it is also the best professional ultrasonic instrument cleaner for dental sterilization rooms and clinical instrument decontamination.","40 kHz ultrasonic cleaning frequency
120 W/60 W cleaning power
6.5 L stainless steel cleaning tank
Quantity: 1 ultrasonic cleaner per box
200 W heating system for solution",Flight Dental Systems,,UC-6065.jpg,,"ultrasonic cleaner, sterilization, dental tools"
FD-REF10,Flowdam® Flowable Dental Dam — Syringe Refill,Infection Control,Flowable Dam,"Light-cured flowable gingival/dental dam barrier, syringe refill.","Flowdam® is a light-cured, passively adhesive material barrier formulated in green for safe, unmistakable protection every time. It offers ideal thixotropy, polymerisation time and final hardness to create a perfect barrier for restorative, whitening and isolation procedures.",Light-cured resin barrier; green; 2 mL syringes; 10 syringes per pack,Flowdam,10 x 2 mL syringes,FD-REF10.jpg,,"flowable dental dam, liquid dam, gingival barrier, light cured dam, tissue barrier, flowdam"
PX-900,MARS PX 900 Air Purification,Infection Control,Air Purifier,"Air purifier for up to 2,000 sq ft.","MARS PX 900 air purification unit, standalone or wall-mountable, for spaces up to 2,000 sq ft such as waiting rooms and offices.","Up to 2,000 sq ft | standalone or wall-mount",MARS Bio-Med,Each,PX-900.jpg,,"air purifier, air disinfection, PX 900, waiting room, indoor air quality"
S300,MARS S300 Air Purification,Infection Control,Air Purifier,"HEPA + disinfection air purifier, up to 4,000 sq ft.","MARS S300 air purification unit combining HEPA filtration and disinfection to eradicate bacteria, viruses and mold for spaces up to 4,000 sq ft.","HEPA + disinfection | up to 4,000 sq ft",MARS Bio-Med,Each,S300.jpg,,"air purifier, HEPA, air disinfection, S300, indoor air quality"
MARSBUCK,Amalgam Bucket,Infection Control,Amalgam Recycling Container,UN/DOT amalgam recycling container with return shipping.,"Amalgam Bucket UN/DOT-approved storage and shipping container with prepaid return shipping, for recycling chair-side traps, teeth with amalgam, spent amalgam capsules and contact/non-contact amalgam.",UN/DOT approved | prepaid return shipping,MARS Bio-Med,2.5 gal (9.5 L) / 5 gal (19 L),MARSBUCK.jpg,,"amalgam recycling, amalgam bucket, mercury recycling, waste container"
LIBERTY,LibertyBOSS Amalgam Separator,Infection Control,Amalgam Separator,Maintenance-free amalgam separator.,"LibertyBOSS amalgam separator requiring no maintenance for up to 3 years and no filter changes, while meeting current EPA standards for mercury reduction.",No maintenance up to 3 years | no filters | meets EPA mercury standards,MARS Bio-Med,Each,LIBERTY.jpg,,"amalgam separator, mercury reduction, EPA compliant, LibertyBOSS, waste management"
MARSST,MARS Super Trap,Infection Control,Amalgam Trap,Weekly-change amalgam trap.,"MARS Super Trap amalgam trap that is simple to install and changed weekly, with no exposure to methylmercury and a reduced mercury footprint.",Change weekly | no methylmercury exposure,MARS Bio-Med,Each,MARSST.jpg,,"amalgam trap, mercury, super trap, waste management"
CLINZ,CleanLINZ,Infection Control,Evacuation Cleaner,Quarterly evacuation-line cleaner.,"CleanLINZ evacuation system cleaner that eliminates sludge and odour; biodegradable and safe for all pipes, applied quarterly.",Quarterly | biodegradable | pipe-safe,MARS Bio-Med,,CLINZ.jpg,,"evacuation cleaner, suction line cleaner, biodegradable, CleanLINZ"
PLINZ,PowerLINZ,Infection Control,Evacuation Cleaner,Daily evacuation-line cleaner with pump.,PowerLINZ daily-use evacuation system cleaner with a convenient premeasured pump; neutral pH and biodegradable.,Daily use | premeasured pump | neutral pH | biodegradable,MARS Bio-Med,,PLINZ.jpg,,"evacuation cleaner, suction line cleaner, daily cleaner, PowerLINZ"
LINZ3,LINZ 3 Pack,Infection Control,Evacuation Cleaner (Combo),Combo pack of LINZ evacuation cleaners.,"LINZ 3 Pack cost-effective combo of evacuation cleaners, each bottle with a premeasured pump; 100% biodegradable and neutral pH.",3-pack | premeasured pumps | biodegradable | neutral pH,MARS Bio-Med,3-pack,LINZ3.jpg,,"evacuation cleaner, combo pack, biodegradable, LINZ 3 pack"
MARSTEK,MARS SilverTEK Mask,Infection Control,Face Mask,3-layer breathable face mask.,"MARS SilverTEK mask with 3-layer protection, breathable all-day comfort and adjustable ear straps; custom branding available.",3-layer | adjustable ear straps | custom branding available,MARS Bio-Med,,MARSTEK.jpg,,"face mask, procedure mask, SilverTEK, infection control, PPE"
MARSTEK2,SilverTEK Barrier Mask,Infection Control,Reusable Barrier Mask,Reusable CDC-standard barrier mask.,SilverTEK reusable barrier mask meeting CDC standard for barrier protection.,Reusable | CDC standard,MARS Bio-Med,,MARSTEK2.jpg,,"barrier mask, reusable mask, SilverTEK, infection control, PPE"
3DP-AT2DA11-HT-012H,3D Prototech Dental Air System - Rocking Piston (1-7 Users),Utility Room Equipment,Rocking Piston Compressor System,"Oil-less tank-mounted dental air compressor with twin tower desiccant dryer, sized for clinics with 1-7 users.","Oil-less rocking piston dental air system, tank mounted with a twin tower heatless regenerative desiccant air dryer. Designed with space in mind for 1-7 user operation. Delivers pure, oil-free compressed air for dental use with a dew point down to -40C to protect equipment and improve patient safety by preventing moisture-driven bacterial growth in the airline. Completely oil-less operation means no oil changes, fewer moving parts, and low maintenance cost. Digital keypad provides dew point monitoring and pressure reading/setting for optimal operation. Built with industrial-grade, non-proprietary components for maximum reliability and uptime.",Oil-less rocking piston / scroll compressor; Twin tower heatless regenerative desiccant air dryer; Ultra-low dew point down to -40C; Digital dew point monitoring; Digital pressure reading and setting via keypad; 2-stage condensation removal; Tank mounted; Single-point connection; Industrial-grade non-proprietary components,3D Prototech,1 system,3DP-AT2DA11-HT-012H.jpg,Yes,"dental air compressor, oil-less compressor, rocking piston, dental air system, desiccant dryer, 1-7 users, oil-free air, twin tower dryer, 3D Prototech"
3DP-AT1LA11-HT-060HT-030SC,3D Prototech Dental Air System - Scroll (8+ Users),Utility Room Equipment,Scroll Compressor System,"Oil-less tank-mounted scroll dental air compressor with twin tower desiccant dryer, sized for larger clinics with 8+ users.","Oil-less scroll dental air system, tank mounted with a twin tower heatless regenerative desiccant air dryer. Designed for larger clinics with over 8 users. Uses advanced oil-less scroll compressor technology to produce pure, oil-free compressed air for dental use with a dew point down to -40C, protecting equipment and improving patient safety by preventing moisture buildup in the airline. Completely oil-less with fewer moving parts and no oil changes for low maintenance cost. Digital keypad provides dew point monitoring and pressure reading/setting for optimal operation. Built with industrial-grade, non-proprietary components to maximize reliability and uptime.",Oil-less rocking piston / scroll compressor; Twin tower heatless regenerative desiccant air dryer; Ultra-low dew point down to -40C; Digital dew point monitoring; Digital pressure reading and setting via keypad; 2-stage condensation removal; Tank mounted; Single-point connection; Industrial-grade non-proprietary components,3D Prototech,1 system,3DP-AT1LA11-HT-060HT-030SC.jpg,,"dental air compressor, oil-less compressor, scroll compressor, dental air system, desiccant dryer, 8+ users, large clinic, oil-free air, twin tower dryer, 3D Prototech"
BV-SC-SERIES,BaseVac SC-Series Custom Silent Oil-Free Compressor (20+ Users),Utility Room Equipment,Custom Oil-Free Compressor System,Custom large-facility silent oil-free compressor systems for 20+ users; configured to spec.,"Custom, large-facility oil-free silent compressor systems for practices and institutions of 20+ users. Built on BaseVac's proven large-facility engineering to provide a customized mechanical-room solution that balances air and vacuum for the most demanding applications. Configured to each site's requirements. Available models: SC8, SC10, SC15, SC20, SC25. Contact for sizing and a quote.",SC-Series custom line (20+ users); models SC8 / SC10 / SC15 / SC20 / SC25; 100% oil-free silent design; configure-to-order — HP/CFM/electrical per selected model spec sheet (e.g. basevacdental.com/s/BV-01SC10-Custom-Silent-Compressor.pdf),BaseVac Dental,1 system (configured),BV-SC-SERIES.jpg,,"dental air compressor, oil-free compressor, oil-less compressor, dry dental air, Perma Dry desiccant dryer, BaseVac, SC-Series, SC8, SC10, SC15, SC20, SC25, large facility, 20+ users, custom compressor, mechanical room"
BV-1HD4,BaseVac 1HD Dry Vacuum System (up to 4 Users),Utility Room Equipment,Modular Dry Vacuum System,"Single-pump 100% dry vacuum system with 12-gal air/water separator, up to 4 users.","100% oil- and water-free dry vacuum system for clinics of up to 4 users. Industry-leading adjustable suction from 10-25"" Hg suits surgical and multi-specialty use, and the system works with 1"" diameter or smaller pipe so it can replace old wet systems without re-plumbing. Modular and upgradable to 16 users by adding motor units and tank extensions. Package includes one dry vacuum unit, 12-gal air/water separator with auto-drain and overflow protection, NEMA-rated control panel with vacuum gauge/hour meter/start-stop, remote-start capability, exhaust kit with dual drip-leg, and adjustable bypass vacuum regulator.","Model 1HD4 (Part 2800005); Max 4 users; Suction 10-25"" Hg; 2 HP; 10.5 A; 230V 1-Phase (207-253V); 72 dB; 28""x18""x19""; 130 lbs; optional 3-phase 230/460/575V; pump variants 1HD4.25P / 1HD4.40P; spec sheets: basevacdental.com/s/BV-01280000401Prod-Spec-Sheet-1HD425P.pdf",BaseVac Dental,1 system,BV-1HD4.jpg,,"dental vacuum, dry vacuum, oil-free suction, dental suction system, BaseVac, 1HD, HD series, modular vacuum, 4 users, air water separator, NEMA control panel"
BV-2HD4,BaseVac 2HD Dry Vacuum System (up to 8 Users),Utility Room Equipment,Modular Dry Vacuum System,"Dual-pump 100% dry vacuum system with 12-gal air/water separator, up to 8 users.","The dry vacuum system that changed how dentists think about suction. Dual-pump 100% oil- and water-free system for clinics of up to 8 users, with industry-leading adjustable suction of 10-25"" Hg for surgical and multi-specialty applications. Works with 1"" diameter or smaller pipe for easy retrofits and is modular and upgradable to 16 users. Package includes two dry vacuum units, 12-gal air/water separator with auto-drain and overflow protection, NEMA-rated control panel, remote-start capability, exhaust kit with dual drip-leg, and adjustable bypass vacuum regulator.","Model 2HD4 (Part 2800006); Max 8 users; Suction 10-25"" Hg; 4 HP; 10.5 A; 230V 1-Phase (207-253V); 72 dB; 16.5""x16.5""x31.5""; 260 lbs; optional 3-phase 230/460/575V; pump variants 2HD4.25P / 2HD4.40P; spec sheets: basevacdental.com/s/BV-01280001201Prod-Spec-Sheet-2HD425P.pdf",BaseVac Dental,1 system,BV-2HD4.jpg,,"dental vacuum, dry vacuum, oil-free suction, dental suction system, BaseVac, 2HD, HD series, dual pump, 8 users, air water separator, NEMA control panel, surgical suction"
BV-3HD4,BaseVac 3HD Dry Vacuum System (12 Users),Utility Room Equipment,Modular Dry Vacuum System,"Triple-pump 100% dry vacuum system with 12-gal air/water separator, up to 12 users.","High-capacity triple-pump 100% oil- and water-free dry vacuum system for clinics of up to 12 users. Delivers industry-leading adjustable suction of 10-25"" Hg for surgical and multi-specialty use and works with 1"" diameter or smaller pipe for straightforward retrofits. Modular and upgradable to 16 users. Package includes three dry vacuum units, 12-gal air/water separator with auto-drain and overflow protection, NEMA-rated control panel, remote-start capability, exhaust kit with dual drip-leg, and adjustable bypass vacuum regulator.","Model 3HD4 (Part 2800030); 12 users; Suction 10-25"" Hg; 6 HP; 10.5 A; 230V 1-Phase (207-253V); 74 dB; 16.5""x16.5""x57""; 390 lbs; optional 3-phase 230/460/575V; pump variant 3HD4.40P; spec sheet: basevacdental.com/s/BV-01280003001Prod-Spec-Sheet-3HD440.pdf",BaseVac Dental,1 system,BV-3HD4.jpg,,"dental vacuum, dry vacuum, oil-free suction, dental suction system, BaseVac, 3HD, HD series, triple pump, 12 users, large clinic, air water separator, surgical suction"
BV-D15,BaseVac D1.5 Oil-Free Compressor (6 Users),Utility Room Equipment,Oil-Free Piston Compressor,"100% oil-free tandem piston dental compressor with Perma Dry desiccant dryer, up to 6 users.","100% oil-free dental air compressor for mid-size clinics of up to 6 users. Heavy-duty block, durable cast cylinders, forged steel connecting rods and precision-machined aluminum pistons deliver long service life, while BaseVac's patented Perma Dry self-purging desiccant dryer provides consistent, high-quality dry dental air. Low-maintenance, energy-efficient and built for years of reliable operation.","Model D1.5 (Part 2880116); Up to 6 users; 3.0 HP; 10 CFM @ 80 PSI; 20 Gal tank; 220V/1/60Hz/17A; 72 dB; 35""x24""x36""; 231 lbs; spec sheet: basevacdental.com/s/BV-0063_D15-Compressor.pdf",BaseVac Dental,1 unit,BV-D15.jpg,,"dental air compressor, oil-free compressor, oil-less compressor, dry dental air, Perma Dry desiccant dryer, BaseVac, D-Series, D1.5, 6 users, tandem compressor, mid-size clinic"
BV-D20,BaseVac D2.0 Oil-Free Compressor (8 Users),Utility Room Equipment,Oil-Free Piston Compressor,"100% oil-free tandem piston dental compressor with Perma Dry desiccant dryer, up to 8 users.","100% oil-free dental air compressor for clinics of up to 8 users. Heavy-duty block, durable cast cylinders, forged steel connecting rods and precision-machined aluminum pistons deliver longevity, and BaseVac's patented Perma Dry self-purging desiccant dryer ensures consistent, high-quality dry dental air. Robust motor and integrated filtration provide stable performance through long clinical days with minimal maintenance.","Model D2.0 (Part 2880111); Up to 8 users; 4.0 HP; 14 CFM @ 80 PSI; 20 Gal tank; 220V/1/60Hz/18A; 74 dB; 35""x24""x36""; 242 lbs; spec sheet: basevacdental.com/s/BV-0073_D20-Compressor.pdf",BaseVac Dental,1 unit,BV-D20.jpg,,"dental air compressor, oil-free compressor, oil-less compressor, dry dental air, Perma Dry desiccant dryer, BaseVac, D-Series, D2.0, 8 users, tandem compressor, multi-chair practice"
BV-S15,BaseVac S1.5 Oil-Free Compressor (3 Users),Utility Room Equipment,Oil-Free Piston Compressor,"100% oil-free piston dental compressor with Perma Dry desiccant dryer, up to 3 users.","100% oil-free reciprocating dental air compressor built for years of reliable service. Heavy-duty block with durable cast cylinders, forged steel connecting rods and precision-machined aluminum pistons for longevity, paired with BaseVac's patented Perma Dry self-purging desiccant dryer and a fan-cooled heat exchanger that pre-cools and removes moisture for consistent, high-quality dry dental air. Energy efficient and easy to service. Optional sound enclosure reduces noise by ~20 dB (order at initial purchase; cannot be retrofitted).","Model S1.5 (Part 2880106); Up to 3 users; 1.5 HP; 5 CFM @ 80 PSI; 13 Gal tank; 220V/1/60Hz/8.5A; 72 dB; 25""x22""x28""; 132 lbs; optional sound enclosure; 115V variant S1.5-115 available; spec sheet: basevacdental.com/s/BV-01S15.pdf",BaseVac Dental,1 unit,BV-S15.jpg,,"dental air compressor, oil-free compressor, oil-less compressor, dry dental air, Perma Dry desiccant dryer, BaseVac, S-Series, S1.5, 3 users, small clinic, piston compressor, sound enclosure"
BV-S20,BaseVac S2.0 Oil-Free Compressor (4 Users),Utility Room Equipment,Oil-Free Piston Compressor,"100% oil-free piston dental compressor with Perma Dry desiccant dryer, up to 4 users.","100% oil-free reciprocating dental air compressor with a heavy-duty block, cast cylinders, forged steel connecting rods and precision-machined aluminum pistons. BaseVac's patented Perma Dry self-purging desiccant dryer plus fan-cooled heat exchanger deliver consistent, high-quality dry dental air. Energy efficient, low-maintenance and easy to service. Optional sound enclosure reduces noise by ~20 dB (order at initial purchase; cannot be retrofitted).","Model S2.0 (Part 2880109); Up to 4 users; 2.0 HP; 6.5 CFM @ 80 PSI; 13 Gal tank; 220V/1/60Hz/9A; 74 dB; 24""x23""x30""; 154 lbs; optional sound enclosure; spec sheet: basevacdental.com/s/BV-01S20.pdf",BaseVac Dental,1 unit,BV-S20.jpg,,"dental air compressor, oil-free compressor, oil-less compressor, dry dental air, Perma Dry desiccant dryer, BaseVac, S-Series, S2.0, 4 users, piston compressor, sound enclosure"
BV-S20E,BaseVac S2.0E Quiet Oil-Free Compressor (4 Users),Utility Room Equipment,Oil-Free Piston Compressor (Enclosed),"Ultra-quiet enclosed 100% oil-free piston compressor with Perma Dry dryer, up to 4 users.","Ultra-quiet enclosed version of BaseVac's 2.0 HP oil-free dental compressor, running at just 54 dB thanks to its integrated sound enclosure. Same 100% oil-free reciprocating design with heavy-duty block, cast cylinders, forged steel connecting rods, precision-machined aluminum pistons and the patented Perma Dry self-purging desiccant dryer for consistent, high-quality dry dental air. Ideal where noise is a concern.","Model S2.0E (Part 2880110); Up to 4 users; 2.0 HP; 6.5 CFM @ 80 PSI; 13 Gal tank; 220V/1/60Hz/9A; 54 dB (enclosed); 24""x23""x30""; 216 lbs; integrated sound enclosure; spec sheet: basevacdental.com/s/BV-01S20E.pdf",BaseVac Dental,1 unit,BV-S20E.jpg,,"dental air compressor, oil-free compressor, oil-less compressor, dry dental air, Perma Dry desiccant dryer, BaseVac, S-Series, S2.0E, quiet compressor, enclosed, 54 dB, 4 users"
BV-BVA12,BaseVac Air BVA12 Oil-Free Compressor (Silent),Utility Room Equipment,Oil-Free Piston Compressor (Silent),Silent 100% oil-free BVA12 dental compressor with dual-chamber Perma Dry dryer.,"Part of BaseVac's new-generation BaseVac Air line — among the quietest oil-free compressors in the industry, using Sound Shield technology. 100% oil-free design with a dual-chamber Perma Dry self-purging desiccant dryer and oversized cooling towers for consistent, high-quality dry dental air, built to BaseVac's reliable, robust standard. Detailed performance figures are on the model spec sheet.",Model BVA12; BaseVac Air line (3-20 users across the range); 100% oil-free; dual-chamber Perma Dry desiccant dryer; Sound Shield low-noise design. Detailed HP/CFM/electrical on spec sheet: basevacdental.com/s/BV-03BVA1205-Prod-Spec-Sheet.pdf,BaseVac Dental,1 unit,BV-BVA12.jpg,,"dental air compressor, oil-free compressor, oil-less compressor, dry dental air, Perma Dry desiccant dryer, BaseVac, BaseVac Air, BVA12, silent compressor, Sound Shield, low noise"
BV-BVA18,BaseVac Air BVA18 Oil-Free Compressor (Silent),Utility Room Equipment,Oil-Free Piston Compressor (Silent),Silent 100% oil-free BVA18 dental compressor with dual-chamber Perma Dry dryer.,"Part of BaseVac's new-generation BaseVac Air line — among the quietest oil-free compressors in the industry, using Sound Shield technology. 100% oil-free design with a dual-chamber Perma Dry self-purging desiccant dryer and oversized cooling towers for consistent, high-quality dry dental air, built to BaseVac's reliable, robust standard. Detailed performance figures are on the model spec sheet.",Model BVA18; BaseVac Air line (3-20 users across the range); 100% oil-free; dual-chamber Perma Dry desiccant dryer; Sound Shield low-noise design. Note: largest model in the BaseVac Air line. Detailed HP/CFM/electrical on spec sheet: basevacdental.com/s/BV-03BVA1805-Prod-Spec-Sheet.pdf,BaseVac Dental,1 unit,BV-BVA18.jpg,,"dental air compressor, oil-free compressor, oil-less compressor, dry dental air, Perma Dry desiccant dryer, BaseVac, BaseVac Air, BVA18, silent compressor, Sound Shield, low noise"
BV-BVA4,BaseVac Air BVA4 Oil-Free Compressor (Silent),Utility Room Equipment,Oil-Free Piston Compressor (Silent),Silent 100% oil-free BVA4 dental compressor with dual-chamber Perma Dry dryer.,"Part of BaseVac's new-generation BaseVac Air line — among the quietest oil-free compressors in the industry, using Sound Shield technology. 100% oil-free design with a dual-chamber Perma Dry self-purging desiccant dryer and oversized cooling towers for consistent, high-quality dry dental air, built to BaseVac's reliable, robust standard. Detailed performance figures are on the model spec sheet.",Model BVA4; BaseVac Air line (3-20 users across the range); 100% oil-free; dual-chamber Perma Dry desiccant dryer; Sound Shield low-noise design. Note: entry model in the BaseVac Air line; 115V variant BVA4-115 also available. Detailed HP/CFM/electrical on spec sheet: basevacdental.com/s/BV-02BVA4Prod-Spec-Sheet-xa4j.pdf,BaseVac Dental,1 unit,BV-BVA4.jpg,yes,"dental air compressor, oil-free compressor, oil-less compressor, dry dental air, Perma Dry desiccant dryer, BaseVac, BaseVac Air, BVA4, silent compressor, Sound Shield, low noise"
BV-BVA6,BaseVac Air BVA6 Oil-Free Compressor (Silent),Utility Room Equipment,Oil-Free Piston Compressor (Silent),Silent 100% oil-free BVA6 dental compressor with dual-chamber Perma Dry dryer.,"Part of BaseVac's new-generation BaseVac Air line — among the quietest oil-free compressors in the industry, using Sound Shield technology. 100% oil-free design with a dual-chamber Perma Dry self-purging desiccant dryer and oversized cooling towers for consistent, high-quality dry dental air, built to BaseVac's reliable, robust standard. Detailed performance figures are on the model spec sheet.",Model BVA6; BaseVac Air line (3-20 users across the range); 100% oil-free; dual-chamber Perma Dry desiccant dryer; Sound Shield low-noise design. Note: mid-range model; BVA6-X variant also available. Detailed HP/CFM/electrical on spec sheet: basevacdental.com/s/BV-03BVA605-Prod-Spec-Sheet-6t94.pdf,BaseVac Dental,1 unit,BV-BVA6.jpg,,"dental air compressor, oil-free compressor, oil-less compressor, dry dental air, Perma Dry desiccant dryer, BaseVac, BaseVac Air, BVA6, silent compressor, Sound Shield, low noise"
BV-BVA8,BaseVac Air BVA8 Oil-Free Compressor (Silent),Utility Room Equipment,Oil-Free Piston Compressor (Silent),Silent 100% oil-free BVA8 dental compressor with dual-chamber Perma Dry dryer.,"Part of BaseVac's new-generation BaseVac Air line — among the quietest oil-free compressors in the industry, using Sound Shield technology. 100% oil-free design with a dual-chamber Perma Dry self-purging desiccant dryer and oversized cooling towers for consistent, high-quality dry dental air, built to BaseVac's reliable, robust standard. Detailed performance figures are on the model spec sheet.",Model BVA8; BaseVac Air line (3-20 users across the range); 100% oil-free; dual-chamber Perma Dry desiccant dryer; Sound Shield low-noise design. Detailed HP/CFM/electrical on spec sheet: basevacdental.com/s/BV-03BVA805Prod-Spec-Sheet.pdf,BaseVac Dental,1 unit,BV-BVA8.jpg,,"dental air compressor, oil-free compressor, oil-less compressor, dry dental air, Perma Dry desiccant dryer, BaseVac, BaseVac Air, BVA8, silent compressor, Sound Shield, low noise"
BV-SCH-SERIES,BaseVac SCH-Series Lab/Milling Scroll Compressor,Utility Room Equipment,Oil-Free Scroll Compressor (Lab/Milling),Oil-free scroll compressors for lab and milling applications; high air flow at high pressure.,"State-of-the-art oil-free scroll compressors engineered for dental lab and milling applications where high air flow at high pressure is required. Advanced scroll technology ensures smooth, quiet operation with minimal maintenance, optimized energy consumption and exceptional durability — supporting milling air demand more reliably than traditional dental compressors. Available models: SCH3, SCH5, SCH8, SCH10. Contact for sizing and a quote.","SCH-Series lab/milling line; models SCH3 / SCH5 / SCH8 / SCH10; oil-free scroll technology; high-pressure, high-flow; configure-to-order — specs per selected model spec sheet (e.g. basevacdental.com/s/BV-01SC10H-Lab-CompressorProd-Spec-Sheet-9p37.pdf)",BaseVac Dental,1 unit (configured),BV-SCH-SERIES.jpg,,"dental air compressor, oil-free compressor, oil-less compressor, dry dental air, Perma Dry desiccant dryer, BaseVac, SCH-Series, scroll compressor, lab compressor, milling compressor, CAD CAM, high pressure"
BV-BVM1,BaseVac M-Vac BVM1 Dry Vacuum (1.5 Users),Utility Room Equipment,Rotary Vane Dry Vacuum,Compact all-in-one dry vacuum with built-in air/water separator for up to 1.5 users / 2 operatories.,"Compact, integrated 100% dry dental vacuum designed as a plug-and-play replacement for wet ring pumps in smaller clinics. Uses dependable, efficient and quiet rotary vane technology and includes a built-in air/water separator. Delivers the same industry-leading suction found on BaseVac's large custom systems in a low-profile cabinet at only 30"" tall and 17"" wide. Set-and-forget operation with easy service access.","Model 2M4.16-220; Max 1.5 HV users / 2 operatories; 0.94 HP; 5.2 A; 220V 1-Phase; 65 dB; 17""x17""x30""; 86 lbs; built-in air/water separator; inlet 1.50"" hose barb, drain 1.50"" plastic pipe; spec sheet: basevacdental.com/s/BV-01280002301Prod-Spec-Sheet-2M416.pdf",BaseVac Dental,1 system,BV-BVM1.jpg,,"dental vacuum, dry vacuum, oil-free suction, dental suction system, BaseVac, M-Vac, BVM1, 1-2 operatories, small clinic, rotary vane, built-in separator"
BV-BVM2,BaseVac M-Vac BVM2 Dry Vacuum (2.5 Users),Utility Room Equipment,Rotary Vane Dry Vacuum,Compact all-in-one dry vacuum with built-in air/water separator for up to 2.5 users / 3 operatories.,"Compact, integrated 100% dry dental vacuum designed as a plug-and-play replacement for wet ring pumps in smaller clinics. Uses dependable, efficient and quiet rotary vane technology and includes a built-in air/water separator. Provides BaseVac's industry-leading suction in a compact, low-profile footprint with easy service access and built-in remote start capability (remote switch not included).","Model 2M4.25-220; Max 2.5 HV users / 3 operatories; 1.2 HP; 8.8 A; 220V 1-Phase; 67 dB; 17""x17""x39""; 98 lbs; built-in air/water separator; inlet 1.50"" hose barb, drain 1.50"" plastic pipe; spec sheet: basevacdental.com/s/BV-01280002601Prod-Spec-Sheet-2M425.pdf",BaseVac Dental,1 system,BV-BVM2.jpg,,"dental vacuum, dry vacuum, oil-free suction, dental suction system, BaseVac, M-Vac, BVM2, 3 operatories, small clinic, rotary vane, built-in separator"
2030,"Low Voltage Control Box, 115/230V Input",Utility Room Equipment,Control Box,Low-voltage control box (115/230V input).,"DCI low-voltage control box with 115/230V input, used to switch utility-room air, water and vacuum equipment from operatory control panels.",115/230V input,DCI,Each,2030.jpg,,"control box, low voltage, utility room, air water vacuum, DCI, 2030"
2901,"Low Voltage Control Panel, Double Switch",Utility Room Equipment,Control Panel,Two-switch low-voltage control panel.,"DCI two-switch low-voltage control panel for remote on/off of air, water or vacuum. Fits a standard 2-gang electrical box, expandable to 4 switches, with 24V lighted rocker switches and custom labeling kit.",2 switches | fits 2-gang box | expandable to 4 | 24V lighted rocker | labeling kit,DCI,Each,2901.jpg,,"control panel, remote switch, double switch, air water vacuum, DCI, 2901"
2904,"Low Voltage Control Panel, Quad Switch",Utility Room Equipment,Control Panel,Four-switch low-voltage control panel.,"DCI four-switch low-voltage control panel for remote on/off of air, water or vacuum. Fits a standard 2-gang electrical box with 24V lighted rocker switches and custom labeling kit.",4 switches | fits 2-gang box | 24V lighted rocker | labeling kit,DCI,Each,2904.jpg,,"control panel, remote switch, quad switch, air water vacuum, DCI, 2904"
2900,"Low Voltage Control Panel, Single Switch",Utility Room Equipment,Control Panel,Single-switch low-voltage control panel.,"DCI single-switch low-voltage control panel for remote on/off of air, water or vacuum. Fits a standard 2-gang electrical box, expandable to 4 switches, with 24V lighted LED rocker switch and custom labeling kit.",1 switch | fits 2-gang box | expandable to 4 | 24V lighted LED rocker | labeling kit,DCI,Each,2900.jpg,,"control panel, remote switch, single switch, air water vacuum, DCI, 2900"
2902,"Low Voltage Control Panel, Triple Switch",Utility Room Equipment,Control Panel,Three-switch low-voltage control panel.,"DCI three-switch low-voltage control panel for remote on/off of air, water or vacuum. Fits a standard 2-gang electrical box, expandable to 4 switches, with 24V lighted rocker switches and custom labeling kit.",3 switches | fits 2-gang box | expandable to 4 | 24V lighted rocker | labeling kit,DCI,Each,2902.jpg,,"control panel, remote switch, triple switch, air water vacuum, DCI, 2902"
2969,Single Phase 3500 VA Buck & Boost Transformer,Utility Room Equipment,Transformer,"3,500 VA single-phase buck & boost transformer.","DCI single-phase 3,500 VA buck & boost transformer to correct line voltage for dental utility equipment. UL & CSA approved with front-accessible separate high- and low-voltage leads.","3,500 VA | 120/240V-12/24 | 50/60 Hz | UL & CSA | front-accessible HV/LV leads",DCI,Each,2969.jpg,,"buck boost transformer, voltage correction, 3500 VA, utility room, DCI, 2969"
2970,Single Phase 5000 VA Buck & Boost Transformer,Utility Room Equipment,Transformer,"5,000 VA single-phase buck & boost transformer.","DCI single-phase 5,000 VA buck & boost transformer to correct line voltage for dental utility equipment. UL & CSA approved with front-accessible separate high- and low-voltage leads.","5,000 VA | 120/240V-12/24 | 50/60 Hz | UL & CSA | front-accessible HV/LV leads",DCI,Each,2970.jpg,,"buck boost transformer, voltage correction, 5000 VA, utility room, DCI, 2970"
2971,Single Phase 7500 VA Buck & Boost Transformer,Utility Room Equipment,Transformer,"7,500 VA single-phase buck & boost transformer.","DCI single-phase 7,500 VA buck & boost transformer to correct line voltage for dental utility equipment. UL & CSA approved with front-accessible separate high- and low-voltage leads.","7,500 VA | 120/240V-12/24 | 50/60 Hz | UL & CSA | front-accessible HV/LV leads",DCI,Each,2971.jpg,,"buck boost transformer, voltage correction, 7500 VA, utility room, DCI, 2971"
2050,"Filter Housing, 3/4"", Black",Utility Room Equipment,Water Security Part,Water-security system component ,Small accessory in DCI's water-security (automatic water shut-off / leak-protection) system. ,,DCI,Each,2050.jpg,,"water security, water shut off, leak protection, DCI, 2050"
2303,"Gasket for Filter Housing, 1"", 1 1/4"", 1 1/2""",Utility Room Equipment,Water Security Part,Water-security system accessory,Small accessory in DCI's water-security (automatic water shut-off / leak-protection) system. ,,DCI,Each,2303.jpg,,"water security, water shut off, leak protection, DCI, 2303"
2073,"Housing Filter, 1 "", Black",Utility Room Equipment,Water Security Part,Water-security system component ,Small accessory in DCI's water-security (automatic water shut-off / leak-protection) system. ,,DCI,Each,2073.jpg,,"water security, water shut off, leak protection, DCI, 2073"
2075,"Solenoid Valve 1"" 120/60,110/50 AC",Utility Room Equipment,Water Security Part,Water-security system component,Small accessory in DCI's water-security (automatic water shut-off / leak-protection) system. ,,DCI,Each,2075.jpg,,"water security, water shut off, leak protection, DCI, 2075"
2052,"Solenoid, Normally Closed 3/4"", 120 Volt",Utility Room Equipment,Water Security Part,Water-security system component ,Small accessory in DCI's water-security (automatic water shut-off / leak-protection) system. ,,DCI,Each,2052.jpg,,"water security, water shut off, leak protection, DCI, 2052"
2051,"Water Filter Element, 2 1/2"" x 10"", 20 Micron, 3/4"" Housing; Pkg of 2",Utility Room Equipment,Water Security Part,Water-security system component,Small accessory in DCI's water-security (automatic water shut-off / leak-protection) system. ,,DCI,Each,2051.jpg,,"water security, water shut off, leak protection, DCI, 2051"
2076,"Water Filter Element, 4 1/2 x 10"", 20 Micron, 1"" to 1-1/2"" Housing; Pkg of 2",Utility Room Equipment,Water Security Part,Water-security system component,Small accessory in DCI's water-security (automatic water shut-off / leak-protection) system. ,,DCI,Each,2076.jpg,,"water security, water shut off, leak protection, DCI, 2076"
2395,"Water Security System, 1"", PEX, w/Filter and 24V Relay",Utility Room Equipment,Water Security Part,Water-security system component ,DCI water-security system for utlity room (automatic water shut-off / leak-protection) system.,,DCI,Each,2395.jpg,,"water security, water shut off, leak protection, DCI, 2395"
2396,"Water Security System, 3/4"", PEX, w/Filter and 24V Relay",Utility Room Equipment,Water Security Part,Water-security system component,DCI water-security system for utlity room (automatic water shut-off / leak-protection) system.,,DCI,Each,2396.jpg,,"water security, water shut off, leak protection, DCI, 2396"
2302,"asket for Filter Housing, 3/4""",Utility Room Equipment,Water Security Part,Water-security system accessory ,Small accessory in DCI's water-security (automatic water shut-off / leak-protection) system. ,,DCI,Each,2302.jpg,,"water security, water shut off, leak protection, DCI, 2302"